-- Generation time: Thu, 07 Jan 2021 16:31:28 +0000
-- Host: mysql.hostinger.ro
-- DB name: u574849695_24
/*!40030 SET NAMES UTF8 */;
/*!40101 SET @OLD_CHARACTER_SET_CLIENT=@@CHARACTER_SET_CLIENT */;
/*!40101 SET @OLD_CHARACTER_SET_RESULTS=@@CHARACTER_SET_RESULTS */;
/*!40101 SET @OLD_COLLATION_CONNECTION=@@COLLATION_CONNECTION */;
/*!40103 SET @OLD_TIME_ZONE=@@TIME_ZONE */;
/*!40103 SET TIME_ZONE='+00:00' */;
/*!40014 SET @OLD_UNIQUE_CHECKS=@@UNIQUE_CHECKS, UNIQUE_CHECKS=0 */;
/*!40014 SET @OLD_FOREIGN_KEY_CHECKS=@@FOREIGN_KEY_CHECKS, FOREIGN_KEY_CHECKS=0 */;
/*!40101 SET @OLD_SQL_MODE=@@SQL_MODE, SQL_MODE='NO_AUTO_VALUE_ON_ZERO' */;
/*!40111 SET @OLD_SQL_NOTES=@@SQL_NOTES, SQL_NOTES=0 */;

DROP TABLE IF EXISTS `car_brands`;
CREATE TABLE `car_brands` (
  `id` int(10) unsigned NOT NULL AUTO_INCREMENT,
  `name` varchar(255) COLLATE utf8_unicode_ci NOT NULL,
  PRIMARY KEY (`id`),
  UNIQUE KEY `name` (`name`)
) ENGINE=InnoDB AUTO_INCREMENT=6 DEFAULT CHARSET=utf8 COLLATE=utf8_unicode_ci;

INSERT INTO `car_brands` VALUES ('4','pariatur'),
('1','VAZ'),
('2','TOYOTA'),
('5','Volkswagen'),
('3','BMW'); 


DROP TABLE IF EXISTS `car_models`;
CREATE TABLE `car_models` (
  `id` bigint(20) unsigned NOT NULL AUTO_INCREMENT,
  `brand_id` int(10) unsigned NOT NULL,
  `name` varchar(255) COLLATE utf8_unicode_ci NOT NULL,
  PRIMARY KEY (`id`),
  UNIQUE KEY `brand_id` (`brand_id`,`name`),
  CONSTRAINT `fk_brand_id` FOREIGN KEY (`brand_id`) REFERENCES `car_brands` (`id`) ON UPDATE CASCADE
) ENGINE=InnoDB AUTO_INCREMENT=201 DEFAULT CHARSET=utf8 COLLATE=utf8_unicode_ci;

INSERT INTO `car_models` VALUES ('116','1','beatae'),
('121','1','dicta'),
('136','1','dolores'),
('141','1','ea'),
('196','1','earum'),
('111','1','et'),
('191','1','fuga'),
('161','1','ipsa'),
('156','1','mollitia'),
('176','1','nam'),
('101','1','nulla'),
('186','1','odit'),
('126','1','quisquam'),
('106','1','repellendus'),
('151','1','repudiandae'),
('166','1','rerum'),
('181','1','saepe'),
('171','1','soluta'),
('131','1','voluptas'),
('146','1','voluptate'),
('177','2','accusantium'),
('187','2','commodi'),
('142','2','delectus'),
('152','2','deserunt'),
('157','2','dicta'),
('162','2','dolores'),
('197','2','dolorum'),
('117','2','et'),
('172','2','exercitationem'),
('147','2','in'),
('132','2','ipsa'),
('107','2','maxime'),
('122','2','nesciunt'),
('182','2','non'),
('192','2','omnis'),
('137','2','quidem'),
('127','2','repudiandae'),
('112','2','unde'),
('102','2','ut'),
('167','2','veritatis'),
('173','3','beatae'),
('103','3','consequatur'),
('178','3','deleniti'),
('123','3','dignissimos'),
('183','3','dolorum'),
('148','3','ducimus'),
('153','3','eius'),
('128','3','et'),
('108','3','fugiat'),
('138','3','natus'),
('198','3','non'),
('133','3','pariatur'),
('188','3','perspiciatis'),
('158','3','quia'),
('168','3','recusandae'),
('113','3','unde'),
('118','3','voluptas'),
('163','3','voluptatem'),
('143','3','voluptatum'),
('124','4','delectus'),
('134','4','doloremque'),
('179','4','dolores'),
('194','4','et'),
('199','4','harum'),
('129','4','id'),
('114','4','in'),
('174','4','laboriosam'),
('139','4','molestias'),
('119','4','occaecati'),
('144','4','omnis'),
('109','4','optio'),
('169','4','perferendis'),
('104','4','quia'),
('189','4','ratione'),
('154','4','sequi'),
('164','4','voluptate'),
('159','4','voluptates'),
('120','5','aperiam'),
('200','5','asperiores'),
('115','5','commodi'),
('170','5','corporis'),
('110','5','deserunt'),
('160','5','eaque'),
('135','5','esse'),
('150','5','exercitationem'),
('165','5','labore'),
('130','5','nihil'),
('175','5','nostrum'),
('185','5','porro'),
('125','5','quia'),
('155','5','repellat'),
('195','5','repellendus'),
('190','5','ut'),
('145','5','veniam'),
('105','5','vero'),
('180','5','voluptatum'); 


DROP TABLE IF EXISTS `cars`;
CREATE TABLE `cars` (
  `id` bigint(20) unsigned NOT NULL AUTO_INCREMENT,
  `user_own_id` bigint(20) unsigned NOT NULL,
  `brand_id` int(10) unsigned NOT NULL,
  `model_id` bigint(20) unsigned NOT NULL,
  `country_id` smallint(5) unsigned DEFAULT NULL,
  `region_id` bigint(20) unsigned NOT NULL,
  `city_id` bigint(20) unsigned NOT NULL,
  `rent_begin` datetime DEFAULT NULL COMMENT 'время начало аренды',
  `rent_end` datetime DEFAULT NULL COMMENT 'время окончания аренды',
  `created_at` datetime NOT NULL DEFAULT current_timestamp(),
  `updated_at` datetime NOT NULL DEFAULT current_timestamp() ON UPDATE current_timestamp(),
  PRIMARY KEY (`id`),
  KEY `fk_user_own` (`user_own_id`),
  KEY `fk_cars_country` (`country_id`),
  KEY `fk_cars_region` (`region_id`),
  KEY `fk_cars_city` (`city_id`),
  KEY `fk_brand` (`brand_id`),
  KEY `fk_model` (`model_id`),
  CONSTRAINT `fk_brand` FOREIGN KEY (`brand_id`) REFERENCES `car_brands` (`id`) ON UPDATE CASCADE,
  CONSTRAINT `fk_cars_city` FOREIGN KEY (`city_id`) REFERENCES `cities` (`id`) ON UPDATE CASCADE,
  CONSTRAINT `fk_cars_country` FOREIGN KEY (`country_id`) REFERENCES `countries` (`id`) ON UPDATE CASCADE,
  CONSTRAINT `fk_cars_region` FOREIGN KEY (`region_id`) REFERENCES `regions` (`id`) ON UPDATE CASCADE,
  CONSTRAINT `fk_model` FOREIGN KEY (`model_id`) REFERENCES `car_models` (`id`) ON UPDATE CASCADE,
  CONSTRAINT `fk_user_own` FOREIGN KEY (`user_own_id`) REFERENCES `users` (`id`) ON UPDATE CASCADE
) ENGINE=InnoDB AUTO_INCREMENT=101 DEFAULT CHARSET=utf8 COLLATE=utf8_unicode_ci;

INSERT INTO `cars` VALUES ('1','1','1','101','1','21','1','2001-07-06 22:47:06','2016-10-02 23:33:50','2012-05-30 17:12:05','1975-08-21 21:22:39'),
('2','2','2','102','2','22','2','1973-03-02 20:49:26','2016-10-03 14:50:56','1979-11-16 14:26:50','2020-04-16 15:31:01'),
('3','3','3','103','3','23','3','1993-09-21 07:43:31','1983-12-16 05:14:53','2003-09-22 04:57:26','2010-12-27 11:38:20'),
('4','4','4','104','1','24','4','1979-08-15 01:42:41','2017-07-19 05:05:44','1991-01-27 14:04:45','2006-10-10 13:43:21'),
('5','5','5','105','2','25','5','1987-08-13 15:00:41','1999-08-08 14:57:26','2008-06-15 22:52:27','1979-05-19 23:58:45'),
('6','6','1','106','3','26','6','2010-01-17 17:23:07','2006-10-29 08:09:18','2000-01-24 16:40:45','2014-10-16 05:12:43'),
('7','7','2','107','1','27','7','2008-01-21 05:22:35','1984-11-29 03:15:44','1987-12-19 14:45:53','1997-09-01 10:11:24'),
('8','8','3','108','2','28','8','1976-12-25 09:52:57','2010-02-11 07:20:20','2006-09-22 18:45:11','1980-12-07 13:12:01'),
('9','9','4','109','3','29','9','1994-02-09 19:07:59','2009-06-28 02:24:52','2020-03-20 10:03:29','2011-03-18 22:57:34'),
('10','10','5','110','1','30','10','2013-04-30 20:42:34','1981-11-13 21:25:45','2004-08-15 17:43:01','1992-04-18 18:37:36'),
('11','11','1','111','2','31','11','1975-08-04 13:40:42','1971-02-17 22:45:01','2007-01-27 11:01:06','1970-12-09 04:05:04'),
('12','12','2','112','3','32','12','1982-05-06 04:55:09','1972-03-05 10:57:13','1974-03-18 15:19:54','1985-07-02 07:34:36'),
('13','13','3','113','1','33','13','1993-04-15 21:53:41','1990-08-25 06:08:59','1973-01-15 18:05:57','2020-09-07 16:01:17'),
('14','14','4','114','2','34','14','1982-02-15 21:01:17','2008-11-24 06:16:10','1982-01-27 23:40:37','2013-10-24 02:25:18'),
('15','15','5','115','3','36','15','1997-01-26 21:01:51','2017-02-16 10:05:32','1974-10-20 23:52:34','1997-05-24 06:53:07'),
('16','16','1','116','1','37','16','1985-06-27 22:02:50','1991-10-21 03:08:44','1983-02-21 14:29:00','1999-06-23 19:09:11'),
('17','17','2','117','2','38','17','2016-03-13 02:32:17','2012-01-14 15:49:07','2018-07-27 13:25:05','1991-03-20 01:52:16'),
('18','18','3','118','3','39','18','1979-12-11 11:28:40','1992-05-13 04:25:35','2019-04-21 16:26:53','1986-07-11 06:50:51'),
('19','19','4','119','1','40','19','2019-10-05 14:25:11','2013-04-12 17:37:07','1987-02-12 02:09:09','2004-12-08 22:00:46'),
('20','20','5','120','2','21','20','2001-02-16 22:20:12','1971-11-15 12:03:04','2009-04-04 15:11:42','1984-12-13 01:33:59'),
('21','21','1','121','3','22','21','2005-07-03 14:36:15','2008-04-12 12:47:27','1982-10-27 08:39:44','2013-12-12 05:46:07'),
('22','22','2','122','1','23','22','2000-06-14 01:38:09','1988-12-24 14:03:42','2014-11-23 01:47:32','1986-08-26 10:18:47'),
('23','23','3','123','2','24','23','2012-08-07 11:51:57','1997-08-17 04:39:20','2000-07-10 09:21:35','2011-07-24 16:11:47'),
('24','24','4','124','3','25','24','1993-10-23 14:56:32','1986-04-26 09:48:25','2005-04-06 03:17:33','1989-06-09 10:47:57'),
('25','25','5','125','1','26','25','1990-07-30 16:26:36','2000-12-31 15:02:20','2013-11-01 04:42:50','2020-02-08 19:06:39'),
('26','26','1','126','2','27','26','2001-12-31 23:48:20','2012-12-11 18:16:34','2007-03-01 06:38:54','2004-03-06 05:28:21'),
('27','27','2','127','3','28','27','2000-01-14 07:57:28','1997-05-18 12:51:59','1999-01-27 11:30:00','1976-10-11 14:09:22'),
('28','28','3','128','1','29','28','1971-08-20 21:16:40','1972-04-23 13:12:05','1983-12-21 20:42:34','1989-06-27 08:30:41'),
('29','29','4','129','2','30','29','2003-11-12 18:56:19','2015-02-16 13:16:28','1971-05-21 08:55:31','1982-05-28 16:11:24'),
('30','30','5','130','3','31','30','1992-04-06 01:07:31','1989-03-15 03:45:25','2010-08-21 19:54:53','1989-02-07 15:26:43'),
('31','31','1','131','1','32','31','1998-08-06 18:31:41','1977-07-02 06:17:25','1984-12-26 00:10:48','2010-12-19 12:03:56'),
('32','32','2','132','2','33','32','2012-12-05 05:26:26','1989-03-22 18:17:12','1986-04-06 23:44:54','2001-11-25 04:13:41'),
('33','33','3','133','3','34','33','2012-08-14 13:05:01','2001-11-13 13:09:48','1977-05-01 01:14:49','2000-09-08 12:54:09'),
('34','34','4','134','1','36','34','1987-07-02 18:18:26','2000-03-14 03:01:05','2004-04-07 21:31:46','1977-02-13 11:19:30'),
('35','35','5','135','2','37','35','1974-07-01 06:59:48','2010-07-12 11:20:47','1980-08-19 14:46:21','1971-04-27 14:40:19'),
('36','36','1','136','3','38','36','1972-04-26 06:59:48','2017-05-23 11:30:14','1979-08-29 17:20:58','2004-08-24 05:14:45'),
('37','37','2','137','1','39','37','2013-03-02 00:42:10','1989-08-17 18:54:23','1972-11-14 02:17:26','2012-01-29 20:17:53'),
('38','38','3','138','2','40','38','1985-10-08 04:05:12','2018-10-21 18:12:52','2000-07-07 03:34:14','2005-07-29 13:46:34'),
('39','39','4','139','3','21','39','1974-12-28 04:33:50','2017-10-17 20:57:21','1988-05-03 18:45:45','2005-03-13 12:59:16'),
('40','40','5','141','1','22','40','2015-12-12 22:14:42','1982-04-08 15:36:25','1970-10-07 18:38:36','1977-11-25 11:41:42'),
('41','41','1','142','2','23','41','2017-02-12 02:27:47','2010-09-27 20:19:12','2007-03-03 19:10:02','1991-06-19 15:12:46'),
('42','42','2','143','3','24','42','2017-05-18 03:49:34','1975-03-07 09:07:37','1994-06-18 17:07:52','1986-11-20 21:10:54'),
('43','43','3','144','1','25','43','1981-09-08 04:52:49','1990-03-20 20:27:07','1991-05-10 21:48:13','2020-11-07 22:43:14'),
('44','44','4','145','2','26','44','1973-11-20 00:55:38','2004-01-14 13:22:30','2002-08-02 10:02:19','2005-02-04 06:51:46'),
('45','45','5','146','3','27','45','1987-06-09 07:11:00','2004-01-27 11:36:43','1981-01-15 08:42:48','1998-12-09 01:03:24'),
('46','46','1','147','1','28','46','2011-10-12 01:11:51','1974-05-14 06:46:56','2018-07-26 07:43:14','2019-04-27 08:00:52'),
('47','47','2','148','2','29','47','1994-08-11 12:10:32','1970-07-29 16:21:38','2013-06-11 01:39:20','1973-04-22 07:03:45'),
('48','48','3','150','3','30','48','1990-10-23 01:14:43','2004-04-20 08:37:09','2006-05-04 12:29:07','2007-09-06 22:50:07'),
('49','49','4','151','1','31','49','1978-07-06 22:23:34','1975-10-11 01:20:00','1997-05-16 02:26:56','2014-06-21 02:57:51'),
('50','50','5','152','2','32','50','1990-07-29 19:27:04','1994-09-17 11:03:23','2000-01-19 03:49:05','2019-11-16 05:48:35'),
('51','51','1','153','3','33','1','1971-10-04 00:32:23','1987-11-25 21:33:21','1977-12-19 13:48:40','2000-07-09 05:12:35'),
('52','52','2','154','1','34','2','2012-04-23 16:11:36','1995-05-10 02:14:09','2008-07-15 11:38:43','1986-07-07 22:25:09'),
('53','53','3','155','2','36','3','1982-10-24 17:34:09','2011-10-09 02:52:31','1990-12-19 04:17:33','1988-05-26 09:15:05'),
('54','54','4','156','3','37','4','1978-08-25 22:32:09','2014-10-18 09:31:10','1992-08-06 05:40:42','1973-09-30 08:04:08'),
('55','55','5','157','1','38','5','1977-11-22 14:21:13','1975-09-06 03:42:15','1982-09-07 18:36:13','1995-10-13 12:34:35'),
('56','56','1','158','2','39','6','2010-07-05 10:49:54','1998-07-15 09:31:28','1971-08-17 21:21:28','1992-07-11 23:26:43'),
('57','57','2','159','3','40','7','1994-09-12 09:02:55','1991-06-08 05:43:14','2000-03-21 00:32:00','2000-02-14 17:55:25'),
('58','58','3','160','1','21','8','1974-11-26 19:34:49','2000-06-23 23:06:19','2013-06-01 04:22:19','2019-01-17 03:20:27'),
('59','59','4','161','2','22','9','1995-01-29 23:46:38','2002-06-07 21:05:31','1998-10-25 20:49:53','2003-11-04 08:27:04'),
('60','60','5','162','3','23','10','2003-03-03 06:17:41','1977-04-09 01:24:06','1976-05-22 21:04:38','1972-09-18 05:20:44'),
('61','61','1','163','1','24','11','1973-10-18 04:59:11','1998-05-19 17:47:31','2011-12-08 05:09:52','1984-11-10 12:47:12'),
('62','62','2','164','2','25','12','2013-11-11 23:12:02','1980-07-03 00:05:18','1990-06-17 04:38:44','2008-03-26 06:33:38'),
('63','63','3','165','3','26','13','1992-02-14 23:55:30','2017-02-02 12:59:46','1990-08-06 09:40:54','1971-04-10 18:24:29'),
('64','64','4','166','1','27','14','1996-01-23 12:21:10','2000-09-27 05:19:00','1980-05-10 15:32:52','1988-06-05 21:55:59'),
('65','65','5','167','2','28','15','1989-10-21 12:56:29','1984-08-23 06:27:01','2001-11-04 03:10:59','2013-06-11 00:58:40'),
('66','66','1','168','3','29','16','1980-07-08 21:30:43','2007-09-27 18:51:07','1975-03-24 19:53:18','1996-01-06 18:33:39'),
('67','67','2','169','1','30','17','2015-10-17 14:00:15','1997-02-27 23:17:09','2011-04-04 22:58:15','2001-12-23 02:11:42'),
('68','68','3','170','2','31','18','1971-11-09 09:18:22','1996-10-20 13:03:25','1994-09-03 00:32:23','1997-09-29 10:16:23'),
('69','69','4','171','3','32','19','2013-01-11 23:24:34','1980-10-22 02:52:29','1989-03-20 23:57:32','1973-05-03 03:54:15'),
('70','70','5','172','1','33','20','1978-11-23 21:30:28','2018-09-13 01:26:16','1987-11-22 15:38:26','1975-11-10 19:28:33'),
('71','71','1','173','2','34','21','2012-07-27 19:08:09','1994-12-18 05:23:08','1972-11-11 08:24:43','1988-11-26 23:00:55'),
('72','72','2','174','3','36','22','1978-08-24 12:18:19','1995-01-05 11:20:42','1980-02-01 19:04:10','2016-09-07 22:25:06'),
('73','73','3','175','1','37','23','1980-03-01 23:43:25','2020-08-01 18:08:38','1972-12-26 18:48:27','2001-04-04 11:09:03'),
('74','74','4','176','2','38','24','1995-10-07 23:40:35','1984-06-04 08:46:46','1975-07-07 04:41:23','1985-05-03 08:21:37'),
('75','75','5','177','3','39','25','2006-11-13 20:44:01','1985-11-23 12:49:03','2016-06-19 17:52:18','2008-01-14 10:53:09'),
('76','76','1','178','1','40','26','2013-05-13 11:05:48','2014-10-16 05:31:23','1977-03-28 07:22:30','2012-06-05 18:16:19'),
('77','77','2','179','2','21','27','1974-05-01 19:29:40','1981-12-09 19:58:22','1977-11-14 12:00:50','2001-07-02 08:16:04'),
('78','78','3','180','3','22','28','1979-04-13 00:13:26','2002-01-24 23:09:47','1974-06-15 04:41:27','1985-01-18 03:39:56'),
('79','79','4','181','1','23','29','2003-01-30 13:42:46','2018-01-14 01:27:57','1970-06-29 09:16:21','1979-02-02 16:39:41'),
('80','80','5','182','2','24','30','1986-07-16 20:49:56','1999-06-01 07:13:39','1985-04-07 02:28:41','1992-10-30 14:21:35'),
('81','81','1','183','3','25','31','2008-03-13 04:09:28','1971-05-22 07:04:45','1979-06-18 04:16:15','1978-11-15 19:06:22'),
('82','82','2','185','1','26','32','1988-03-01 11:20:10','1994-02-21 18:36:16','2016-12-01 12:51:03','2020-07-31 18:43:09'),
('83','83','3','186','2','27','33','1988-10-12 08:18:58','1980-11-27 22:09:59','1971-06-25 12:36:41','1986-03-01 05:29:31'),
('84','84','4','187','3','28','34','1984-06-25 12:50:55','2014-08-07 00:27:04','2003-07-13 13:32:05','2012-08-19 22:06:54'),
('85','85','5','188','1','29','35','2009-06-01 11:44:04','1978-04-03 08:30:25','2001-09-25 20:09:28','1977-08-30 16:56:02'),
('86','86','1','189','2','30','36','2006-08-15 16:02:17','2016-04-09 04:52:24','1989-06-11 05:28:43','2018-09-25 05:17:53'),
('87','87','2','190','3','31','37','1991-12-29 01:15:50','1981-08-02 21:44:42','1997-03-11 13:51:09','2006-03-10 13:01:46'),
('88','88','3','191','1','32','38','1999-06-22 11:52:33','2019-12-08 17:15:03','2015-01-04 09:49:53','1973-05-07 22:16:54'),
('89','89','4','192','2','33','39','1991-11-22 10:06:45','1977-05-25 16:09:52','1987-11-19 19:48:10','1999-04-17 20:54:49'),
('90','90','5','194','3','34','40','1983-10-31 00:22:53','1976-11-02 03:24:29','1979-07-15 03:07:26','2005-12-27 01:23:47'),
('91','91','1','195','1','36','41','1991-10-10 13:29:16','1979-03-13 04:56:01','1988-04-29 04:19:46','1983-04-25 13:15:02'),
('92','92','2','196','2','37','42','1991-10-29 23:11:22','1984-02-15 01:30:41','1993-06-03 04:48:50','1972-09-22 03:43:49'),
('93','93','3','197','3','38','43','2014-08-28 04:02:05','1977-12-04 12:36:47','1980-01-04 19:05:01','1984-08-02 21:42:10'),
('94','94','4','198','1','39','44','1986-10-05 07:27:36','2014-05-09 06:35:17','1981-10-06 11:54:43','2014-08-31 18:11:49'),
('95','95','5','199','2','40','45','2013-07-14 04:11:41','1992-02-18 16:08:15','1973-09-24 14:04:39','2018-09-29 16:48:08'),
('96','96','1','200','3','21','46','2020-01-23 08:36:47','2010-10-21 18:52:49','1992-07-11 12:50:16','2013-03-14 22:07:50'),
('97','97','2','101','1','22','47','1975-01-15 20:19:59','1986-10-26 08:46:27','1972-04-03 00:12:00','2019-08-13 21:57:41'),
('98','98','3','102','2','23','48','1989-02-13 14:28:11','2007-12-29 17:25:33','2015-07-27 13:28:52','1975-07-15 02:40:56'),
('99','99','4','103','3','24','49','1983-04-06 11:51:39','1983-03-09 11:39:02','1981-02-23 20:07:52','1979-10-21 09:32:39'),
('100','100','5','104','1','25','50','1980-08-31 18:22:03','2014-08-09 09:53:37','2003-02-04 11:19:40','1980-10-22 03:47:02'); 


DROP TABLE IF EXISTS `cars_booking`;
CREATE TABLE `cars_booking` (
  `id` bigint(20) unsigned NOT NULL AUTO_INCREMENT,
  `car_id` bigint(20) unsigned NOT NULL,
  `tenant_id` bigint(20) unsigned NOT NULL,
  `rent_begin` datetime DEFAULT NULL COMMENT 'время начало аренды',
  `rent_end` datetime DEFAULT NULL COMMENT 'время окончания аренды',
  `status` enum('requested','approved','declined') COLLATE utf8_unicode_ci DEFAULT NULL,
  `created_at` datetime NOT NULL DEFAULT current_timestamp(),
  `updated_at` datetime NOT NULL DEFAULT current_timestamp() ON UPDATE current_timestamp(),
  PRIMARY KEY (`id`),
  KEY `fk_car_id` (`car_id`),
  KEY `fk_car_tenant` (`tenant_id`),
  CONSTRAINT `fk_car_id` FOREIGN KEY (`car_id`) REFERENCES `cars` (`id`) ON UPDATE CASCADE,
  CONSTRAINT `fk_car_tenant` FOREIGN KEY (`tenant_id`) REFERENCES `users` (`id`) ON UPDATE CASCADE
) ENGINE=InnoDB AUTO_INCREMENT=101 DEFAULT CHARSET=utf8 COLLATE=utf8_unicode_ci;

INSERT INTO `cars_booking` VALUES ('1','1','1','2016-03-25 12:19:25','1997-09-26 11:48:12','declined','2020-07-23 19:03:12','1970-10-29 21:19:28'),
('2','2','2','2000-03-16 15:06:35','1983-05-19 11:57:39','declined','2001-08-07 07:36:36','1977-05-22 17:05:07'),
('3','3','3','1994-05-20 12:56:00','1970-08-23 09:47:20','requested','2006-11-26 08:44:43','1976-09-22 07:28:27'),
('4','4','4','1994-08-30 08:51:02','1971-12-14 19:49:55','approved','2009-09-11 13:16:12','2013-09-05 01:59:24'),
('5','5','5','1998-12-10 04:46:30','1996-07-07 17:23:21','requested','1989-01-12 01:41:31','1997-01-26 21:02:38'),
('6','6','6','1998-03-07 08:38:42','2001-02-15 08:10:04','requested','2009-03-28 08:50:31','1993-03-21 02:47:06'),
('7','7','7','2000-09-28 09:53:08','1998-08-11 23:29:41','declined','2020-12-26 00:27:07','1993-02-19 22:20:56'),
('8','8','8','1987-08-28 11:19:34','2015-09-12 18:36:44','declined','1991-06-19 18:34:11','1970-11-19 12:01:36'),
('9','9','9','1986-02-17 00:25:49','2008-05-15 09:57:50','approved','2003-09-23 10:58:21','1993-09-27 15:46:57'),
('10','10','10','2015-11-12 05:36:07','1996-03-12 06:06:39','declined','1983-06-23 23:19:11','2011-03-31 20:53:12'),
('11','11','11','1970-11-05 22:01:25','1973-10-10 05:37:07','approved','1973-12-19 20:00:00','1994-06-05 00:35:19'),
('12','12','12','2019-01-17 08:51:56','2008-04-21 05:26:01','declined','2003-09-21 07:04:04','1989-10-26 01:44:24'),
('13','13','13','1992-02-10 09:45:09','2004-05-19 02:11:57','declined','2010-05-17 00:08:33','1990-10-13 19:55:01'),
('14','14','14','1999-05-18 02:12:56','2006-10-08 12:50:59','requested','1985-12-14 02:22:04','2012-09-19 22:03:34'),
('15','15','15','1975-05-20 06:57:32','2018-06-23 14:17:07','requested','2014-07-29 05:18:11','1991-01-04 11:44:35'),
('16','16','16','2003-01-24 04:42:49','1985-01-21 11:03:59','approved','1971-10-30 13:58:55','1996-01-11 10:47:34'),
('17','17','17','2010-12-12 14:22:55','1982-08-31 12:49:12','approved','2008-06-28 12:40:10','2019-04-10 04:36:04'),
('18','18','18','1996-05-13 14:42:32','1974-07-22 14:56:03','declined','1973-12-01 00:46:23','2010-11-30 00:09:46'),
('19','19','19','1988-09-16 07:52:24','1970-05-06 23:30:27','approved','1995-11-27 10:09:22','1971-08-05 15:05:06'),
('20','20','20','1989-08-25 01:09:57','1971-05-14 02:08:12','requested','2003-01-26 21:41:37','2011-03-05 05:59:21'),
('21','21','21','1982-09-25 16:04:19','1974-01-19 23:59:18','requested','2006-01-18 02:39:08','2020-05-05 04:36:47'),
('22','22','22','1975-02-08 07:00:28','1995-02-11 09:34:03','approved','1973-10-26 01:05:41','1997-09-03 03:50:45'),
('23','23','23','1974-02-23 07:32:53','2011-03-16 02:04:22','requested','2010-05-08 13:01:48','2019-04-26 12:54:23'),
('24','24','24','1990-07-27 18:29:05','1989-04-05 04:22:42','declined','1987-04-16 17:42:57','1994-02-06 18:46:09'),
('25','25','25','1992-09-25 23:23:25','2002-04-30 22:52:53','requested','1985-10-16 17:13:23','2015-10-09 21:30:03'),
('26','26','26','1996-12-16 19:12:53','1987-04-15 02:20:35','approved','2006-01-30 04:05:19','1986-11-03 14:54:42'),
('27','27','27','1998-10-24 11:26:48','2006-03-02 23:40:12','declined','1980-10-28 21:01:54','1998-03-26 18:35:56'),
('28','28','28','1975-03-11 01:24:02','2007-10-05 13:41:08','declined','1974-09-29 03:38:42','1983-09-01 09:31:07'),
('29','29','29','1996-03-17 12:59:42','1973-01-10 19:06:29','declined','1973-04-23 09:58:03','1980-11-09 07:00:41'),
('30','30','30','2014-02-21 15:54:27','1994-02-19 19:26:20','requested','1999-05-23 12:01:23','1976-05-05 09:59:05'),
('31','31','31','2020-05-08 14:30:03','1988-07-16 20:51:40','requested','1971-05-10 07:21:03','1971-07-23 13:46:47'),
('32','32','32','1974-07-04 10:24:24','2009-08-12 04:54:15','requested','1987-11-03 09:35:34','1991-02-14 18:49:57'),
('33','33','33','2014-01-08 19:59:54','1982-02-12 16:35:18','approved','1984-12-30 18:47:01','1981-04-20 13:44:27'),
('34','34','34','2014-02-07 01:21:25','2017-10-18 11:55:37','declined','2005-03-15 15:08:08','1996-08-14 06:04:27'),
('35','35','35','2018-06-18 00:38:09','1982-03-30 15:45:03','requested','1978-04-16 14:17:25','2005-01-29 07:57:28'),
('36','36','36','1996-10-18 00:32:50','2006-07-27 20:34:08','declined','1988-09-14 20:23:18','1985-05-11 09:23:37'),
('37','37','37','1999-02-19 22:24:40','1978-12-17 12:53:25','requested','1976-09-24 16:11:32','1993-06-09 09:00:52'),
('38','38','38','2010-02-17 15:05:05','1992-04-07 11:30:47','approved','1999-01-25 22:00:45','2010-10-04 21:05:53'),
('39','39','39','1977-10-30 16:21:30','1992-07-05 20:41:25','declined','2017-04-21 14:46:42','1979-12-20 08:50:31'),
('40','40','40','2008-07-05 04:45:22','2019-04-12 23:14:41','requested','2016-11-21 10:56:28','1985-02-10 01:08:09'),
('41','41','41','1989-11-18 20:03:09','1989-05-19 06:34:18','declined','2002-06-02 18:06:35','1979-03-22 03:47:34'),
('42','42','42','1981-02-03 13:28:58','2014-07-13 12:56:49','declined','2012-07-08 07:58:08','2016-04-01 03:17:19'),
('43','43','43','2015-08-28 10:44:48','1985-08-18 00:49:29','approved','2004-12-29 12:28:58','1987-07-30 03:39:49'),
('44','44','44','2005-10-12 07:16:24','2020-03-06 17:49:18','requested','1995-10-30 00:51:01','2002-10-29 02:34:33'),
('45','45','45','2019-08-09 15:15:04','1972-07-20 17:54:08','requested','2019-05-06 15:10:26','1977-10-13 20:31:15'),
('46','46','46','1991-04-02 04:09:42','2004-07-18 21:35:22','approved','1974-05-18 18:30:55','1987-04-19 02:29:02'),
('47','47','47','1996-05-04 00:08:13','1972-02-07 04:07:29','declined','2017-11-09 11:19:42','2014-10-23 07:16:08'),
('48','48','48','2009-10-03 04:17:23','1973-01-16 01:45:45','requested','2020-11-23 13:04:58','1976-10-12 07:50:51'),
('49','49','49','1988-07-10 00:02:53','1974-04-08 04:29:19','requested','1993-07-29 11:04:53','1987-04-06 01:27:34'),
('50','50','50','2005-05-10 08:45:15','1974-07-08 19:58:12','approved','1993-10-15 12:05:57','2003-03-15 13:02:53'),
('51','51','51','2016-11-25 07:30:20','1986-12-28 15:51:09','approved','1996-07-20 12:17:13','1987-12-14 20:43:56'),
('52','52','52','2015-03-17 01:59:09','2019-11-16 10:40:07','requested','1987-01-24 13:16:37','2016-02-05 14:09:12'),
('53','53','53','1991-12-25 10:47:29','2001-03-02 06:26:30','requested','2000-01-12 19:56:11','2009-02-15 12:31:22'),
('54','54','54','2019-05-15 05:59:59','1990-01-30 05:38:28','approved','2001-03-06 10:08:39','1977-04-30 17:25:58'),
('55','55','55','1989-09-09 16:32:50','2008-07-31 23:37:31','declined','1979-06-08 15:56:49','2013-06-18 00:47:19'),
('56','56','56','1990-07-19 19:32:12','1991-06-28 07:20:03','approved','1986-10-01 08:13:07','2019-03-27 13:43:35'),
('57','57','57','1970-06-25 06:29:12','2008-06-27 23:55:48','requested','2011-09-08 17:46:29','2016-05-21 17:55:46'),
('58','58','58','1992-05-17 01:57:17','2008-06-23 02:32:13','declined','2000-11-14 15:56:07','2012-04-18 22:53:29'),
('59','59','59','1993-09-05 17:36:19','1983-05-29 10:48:49','requested','1993-07-31 15:14:14','1982-05-22 17:57:01'),
('60','60','60','2019-11-10 02:56:29','1977-02-18 23:46:52','approved','1990-09-12 08:23:16','1974-12-18 03:56:33'),
('61','61','61','2013-01-27 02:20:20','1977-01-26 12:07:45','requested','1996-08-24 00:30:35','2015-03-21 13:45:40'),
('62','62','62','2001-06-23 19:26:15','1990-05-13 02:34:20','approved','1979-10-11 05:37:22','1979-07-22 03:13:20'),
('63','63','63','1972-03-13 18:53:28','2012-03-22 07:55:26','requested','2001-12-08 03:31:12','2004-05-25 05:37:04'),
('64','64','64','1991-10-29 00:01:05','2012-09-12 02:05:12','declined','2013-04-06 23:24:32','1989-03-30 17:41:58'),
('65','65','65','1980-06-05 22:32:21','2019-09-07 02:07:58','requested','2019-11-03 01:48:40','1973-03-01 07:29:41'),
('66','66','66','2009-02-08 05:36:46','2001-05-01 21:08:33','requested','1973-12-20 16:25:50','1970-06-16 08:09:21'),
('67','67','67','1977-11-29 08:22:42','2000-07-01 10:42:19','declined','2020-06-18 07:51:35','2002-04-30 12:35:10'),
('68','68','68','1978-10-16 09:30:46','1974-12-28 07:19:27','requested','2013-03-21 09:25:35','2016-08-25 12:00:18'),
('69','69','69','1991-02-23 07:04:50','1999-11-06 08:56:37','requested','1976-11-08 08:54:37','2008-05-30 09:51:41'),
('70','70','70','2008-04-16 09:39:23','2006-10-18 20:11:28','requested','2015-02-05 18:25:07','1983-11-12 04:34:43'),
('71','71','71','2001-05-26 11:06:33','1981-09-03 20:15:35','approved','2018-10-26 22:10:33','2010-09-01 11:47:14'),
('72','72','72','1987-06-22 00:12:44','1982-09-04 08:25:30','requested','1989-03-07 08:36:46','2011-11-16 17:24:40'),
('73','73','73','2002-07-28 18:39:45','2000-10-28 06:24:16','declined','1998-06-17 04:43:41','1994-11-13 22:12:06'),
('74','74','74','1970-10-06 04:40:21','2017-10-25 00:17:28','declined','1977-05-02 12:09:51','1980-09-25 07:04:05'),
('75','75','75','1971-08-06 12:24:32','2015-01-09 10:13:27','approved','1983-05-04 06:17:44','1989-10-09 22:53:24'),
('76','76','76','1978-12-26 15:08:53','2017-02-18 21:44:15','requested','1972-10-25 20:28:49','1982-02-05 12:46:32'),
('77','77','77','1980-11-13 20:11:14','2000-10-26 00:16:28','declined','2011-10-11 09:02:09','2011-10-18 20:18:57'),
('78','78','78','2020-10-19 07:41:58','2005-05-04 10:36:29','declined','1975-10-14 13:14:03','2020-09-22 00:04:08'),
('79','79','79','2006-09-08 00:16:12','2006-05-19 20:57:46','declined','2020-04-12 10:52:11','1979-12-19 12:55:27'),
('80','80','80','1993-05-31 03:04:24','1980-07-04 17:48:30','approved','1981-12-01 15:15:11','2005-08-19 05:35:53'),
('81','81','81','2013-01-06 17:33:02','1993-01-07 10:44:44','requested','1973-03-17 06:59:27','1977-01-09 02:50:26'),
('82','82','82','2001-06-19 11:09:58','2012-10-20 04:10:45','approved','1996-06-26 09:14:47','1973-11-06 09:48:45'),
('83','83','83','1980-03-15 00:15:33','1970-05-17 04:13:03','approved','2015-05-19 17:17:33','2020-07-30 10:21:02'),
('84','84','84','1987-02-26 14:39:06','2005-05-05 20:21:04','declined','2012-02-23 03:37:30','2005-09-25 12:05:45'),
('85','85','85','2004-10-14 19:37:01','1990-11-09 09:53:46','requested','1975-11-25 13:13:16','1982-06-12 20:48:24'),
('86','86','86','1990-04-14 11:31:19','1979-12-26 14:25:14','declined','2007-03-06 22:33:28','2007-10-27 21:34:16'),
('87','87','87','1995-08-19 06:08:11','2008-06-18 22:08:55','approved','1976-05-24 11:55:50','1990-09-17 04:18:39'),
('88','88','88','1999-06-24 19:46:36','1971-09-15 04:56:23','declined','1986-04-09 04:31:31','2007-09-28 15:29:56'),
('89','89','89','1984-10-04 11:17:05','2017-07-14 13:01:31','declined','1986-02-28 11:39:06','1995-08-05 10:05:03'),
('90','90','90','1995-11-25 06:29:03','1995-01-03 05:47:25','approved','1980-10-31 05:08:29','2014-05-08 22:56:41'),
('91','91','91','2011-04-02 11:37:20','1984-11-23 16:00:24','declined','1985-11-04 17:34:51','1990-01-30 10:15:39'),
('92','92','92','1984-12-21 10:54:01','2015-11-26 15:31:38','approved','1999-06-04 08:24:15','1989-11-23 09:09:20'),
('93','93','93','1989-09-09 23:47:59','1975-11-27 17:46:31','requested','1994-08-08 04:54:55','1979-05-18 16:23:32'),
('94','94','94','1987-01-06 07:32:00','2020-04-29 06:29:10','requested','2004-07-10 14:06:05','2010-02-09 07:25:50'),
('95','95','95','1994-12-04 16:41:34','1979-04-23 06:28:05','requested','2008-01-04 17:08:18','2014-10-07 14:09:41'),
('96','96','96','1995-12-30 19:45:38','2005-09-16 13:09:45','requested','2015-07-23 12:27:21','2007-05-19 09:43:25'),
('97','97','97','2005-03-06 20:04:58','1992-07-03 21:23:10','approved','1990-09-24 18:20:25','1982-11-12 09:35:02'),
('98','98','98','1976-04-08 12:00:48','1981-09-15 09:14:06','approved','1981-07-11 23:56:46','2020-06-11 03:29:44'),
('99','99','99','1992-05-12 03:54:50','1999-09-27 20:58:36','declined','2016-11-02 22:53:14','1971-12-23 02:07:41'),
('100','100','100','1987-06-26 11:24:11','2000-03-02 18:05:09','requested','1977-06-11 14:08:41','2003-12-09 22:06:15'); 


DROP TABLE IF EXISTS `cities`;
CREATE TABLE `cities` (
  `id` bigint(20) unsigned NOT NULL AUTO_INCREMENT,
  `name` varchar(255) COLLATE utf8_unicode_ci NOT NULL,
  `region_id` bigint(20) unsigned NOT NULL,
  PRIMARY KEY (`id`),
  UNIQUE KEY `idx_region_city` (`region_id`,`name`),
  CONSTRAINT `fk_region_id` FOREIGN KEY (`region_id`) REFERENCES `regions` (`id`) ON UPDATE CASCADE
) ENGINE=InnoDB AUTO_INCREMENT=51 DEFAULT CHARSET=utf8 COLLATE=utf8_unicode_ci;

INSERT INTO `cities` VALUES ('20','a','21'),
('39','consectetur','21'),
('1','corrupti','21'),
('21','corrupti','22'),
('2','eveniet','22'),
('40','voluptas','22'),
('3','ea','23'),
('41','placeat','23'),
('22','sit','23'),
('23','aut','24'),
('4','maiores','24'),
('42','nobis','24'),
('43','architecto','25'),
('24','aut','25'),
('5','tempora','25'),
('6','non','26'),
('25','omnis','26'),
('44','rerum','26'),
('26','enim','27'),
('45','odio','27'),
('7','sapiente','27'),
('8','asperiores','28'),
('27','corrupti','28'),
('46','quia','28'),
('47','blanditiis','29'),
('9','ex','29'),
('28','nam','29'),
('48','deleniti','30'),
('29','exercitationem','30'),
('10','voluptas','30'),
('49','adipisci','31'),
('11','nobis','31'),
('30','sed','31'),
('12','amet','32'),
('31','qui','32'),
('50','velit','32'),
('13','ab','33'),
('32','ratione','33'),
('14','exercitationem','34'),
('33','qui','34'),
('15','qui','36'),
('34','sit','36'),
('16','doloribus','37'),
('35','mollitia','37'),
('36','necessitatibus','38'),
('17','ut','38'),
('37','iure','39'),
('18','quia','39'),
('19','architecto','40'),
('38','nobis','40'); 


DROP TABLE IF EXISTS `countries`;
CREATE TABLE `countries` (
  `id` smallint(5) unsigned NOT NULL AUTO_INCREMENT,
  `name` varchar(255) COLLATE utf8_unicode_ci NOT NULL,
  PRIMARY KEY (`id`),
  UNIQUE KEY `name` (`name`)
) ENGINE=InnoDB AUTO_INCREMENT=4 DEFAULT CHARSET=utf8 COLLATE=utf8_unicode_ci;

INSERT INTO `countries` VALUES ('2','ipsa'),
('3','Россия'),
('1','USA'); 


DROP TABLE IF EXISTS `house_booking`;
CREATE TABLE `house_booking` (
  `id` bigint(20) unsigned NOT NULL AUTO_INCREMENT,
  `rented_house_id` bigint(20) unsigned NOT NULL,
  `tenant_id` bigint(20) unsigned NOT NULL,
  `rent_begin` datetime DEFAULT NULL COMMENT 'время начало аренды',
  `rent_end` datetime DEFAULT NULL COMMENT 'время окончания аренды',
  `status` enum('requested','approved','declined') COLLATE utf8_unicode_ci DEFAULT NULL,
  `created_at` datetime NOT NULL DEFAULT current_timestamp(),
  `updated_at` datetime NOT NULL DEFAULT current_timestamp() ON UPDATE current_timestamp(),
  PRIMARY KEY (`id`),
  KEY `fk_rented_house` (`rented_house_id`),
  KEY `fk_house_tenant` (`tenant_id`),
  CONSTRAINT `fk_house_tenant` FOREIGN KEY (`tenant_id`) REFERENCES `users` (`id`) ON UPDATE CASCADE,
  CONSTRAINT `fk_rented_house` FOREIGN KEY (`rented_house_id`) REFERENCES `houses` (`id`) ON UPDATE CASCADE
) ENGINE=InnoDB AUTO_INCREMENT=101 DEFAULT CHARSET=utf8 COLLATE=utf8_unicode_ci;

INSERT INTO `house_booking` VALUES ('1','1','1','1978-05-17 21:17:06','2017-01-25 04:55:50','requested','2000-11-13 16:07:25','2020-04-23 03:31:21'),
('2','2','2','1982-06-25 03:08:31','1974-12-16 23:22:45','declined','1993-06-17 23:30:32','2009-03-02 08:17:25'),
('3','3','3','1999-08-24 20:40:04','1983-09-29 16:16:53','approved','2008-11-27 02:26:51','1976-02-08 18:12:01'),
('4','4','4','1992-08-03 21:24:40','2001-08-22 02:39:05','approved','2018-09-08 11:59:48','1999-08-18 20:58:05'),
('5','5','5','1986-08-26 14:04:51','2000-07-22 08:53:15','approved','1986-06-24 09:50:43','1978-02-15 10:32:25'),
('6','6','6','1986-03-24 16:16:21','1995-05-28 20:16:56','declined','1997-05-19 12:02:47','2015-02-08 09:11:15'),
('7','7','7','2005-09-01 11:25:08','1988-01-11 10:38:14','requested','2011-08-08 00:20:29','2015-05-06 16:45:33'),
('8','8','8','2007-06-30 02:13:36','1972-01-28 04:46:06','requested','2020-10-09 22:04:26','1970-09-02 19:54:05'),
('9','9','9','1991-11-30 02:44:43','1980-02-11 07:09:12','requested','1992-09-01 02:50:21','1987-12-10 14:15:18'),
('10','10','10','2019-10-25 14:15:20','2000-11-23 10:36:55','requested','1989-01-02 22:09:33','2002-12-18 04:11:32'),
('11','11','11','1993-11-22 04:33:51','1977-03-01 01:38:42','declined','1988-04-29 20:47:47','2004-10-24 16:07:31'),
('12','12','12','1982-09-27 02:01:15','2018-11-09 21:33:07','approved','2000-11-11 02:25:06','1980-07-20 05:24:28'),
('13','13','13','1992-01-13 06:25:51','1996-06-21 23:39:25','requested','1987-02-20 01:08:30','2010-06-29 01:50:48'),
('14','14','14','1982-01-30 09:21:44','2000-08-09 19:08:45','requested','2002-08-15 11:14:09','1982-07-15 10:12:24'),
('15','15','15','2008-09-28 11:21:18','2010-12-09 12:16:19','declined','2018-12-22 09:20:16','1982-11-24 01:15:25'),
('16','16','16','1985-01-23 01:20:52','1988-06-22 20:18:18','requested','1982-01-14 18:57:41','1980-06-16 00:00:02'),
('17','17','17','2008-12-07 03:44:54','2015-11-22 12:28:28','approved','2012-10-15 02:57:25','1981-09-26 17:38:13'),
('18','18','18','1988-03-30 03:16:41','1979-05-15 00:58:37','approved','1983-07-27 11:27:25','2001-09-04 08:30:36'),
('19','19','19','2012-12-08 22:42:31','2012-01-17 14:52:19','approved','1974-07-26 23:08:46','1977-10-11 23:48:13'),
('20','20','20','1991-02-03 13:15:21','1975-01-23 07:28:49','declined','1971-11-02 01:27:24','2005-11-30 20:32:31'),
('21','21','21','2020-12-17 14:57:42','2005-04-30 21:46:40','approved','1990-08-29 15:04:46','1991-07-24 07:58:31'),
('22','22','22','2014-07-18 06:37:56','1980-07-18 04:20:52','declined','2013-06-17 02:29:18','2004-12-10 07:22:09'),
('23','23','23','2007-06-09 19:46:54','2008-10-28 12:54:39','requested','1991-05-18 20:29:58','1987-03-18 19:25:36'),
('24','24','24','1976-06-07 05:52:26','1989-10-06 08:40:37','approved','2004-02-01 16:42:50','1973-08-07 12:34:02'),
('25','25','25','1975-01-12 17:46:22','1979-04-10 11:33:01','declined','1978-01-14 14:49:57','1993-10-14 03:53:36'),
('26','26','26','1993-12-27 21:38:23','2018-04-04 23:04:22','requested','1994-04-02 10:08:24','2017-09-23 02:00:54'),
('27','27','27','1994-04-14 19:33:26','1977-06-26 03:51:11','declined','1976-09-17 16:53:13','1987-11-27 08:53:09'),
('28','28','28','1991-12-23 03:20:44','2004-10-08 20:00:11','approved','1983-12-27 03:02:11','1998-12-06 04:05:23'),
('29','29','29','2015-10-03 05:57:37','1995-08-02 06:52:31','declined','1983-04-10 18:34:11','1992-12-10 06:16:28'),
('30','30','30','1970-02-04 07:44:22','1978-09-06 06:56:49','approved','2010-09-19 12:56:22','2020-04-15 11:34:54'),
('31','31','31','1987-03-23 03:03:20','1979-04-30 05:46:27','requested','1985-07-30 06:47:54','1975-04-07 10:43:21'),
('32','32','32','1993-02-14 23:10:55','1971-04-19 05:36:26','declined','2019-06-05 13:25:51','1996-02-05 12:13:04'),
('33','33','33','1980-05-31 09:56:09','1976-10-16 13:51:59','requested','1982-08-25 20:34:12','2020-12-23 19:58:18'),
('34','34','34','1987-09-02 15:32:19','1970-08-10 07:03:05','declined','1975-07-29 13:11:04','2010-10-27 13:31:02'),
('35','35','35','1985-06-09 03:48:02','1973-02-18 16:07:16','declined','1996-11-15 02:26:33','1990-11-06 03:10:36'),
('36','36','36','1988-12-30 14:07:33','1999-10-14 11:49:34','requested','2017-03-19 07:05:56','2002-10-25 16:16:30'),
('37','37','37','2003-10-10 16:46:59','1983-09-25 19:09:17','approved','1990-01-15 08:43:51','1994-05-16 19:35:05'),
('38','38','38','1992-03-01 23:11:09','2001-11-20 21:08:08','declined','2008-11-04 09:25:58','1990-01-03 22:03:31'),
('39','39','39','1989-05-11 13:37:56','1989-09-05 14:22:43','approved','1978-11-22 15:56:50','1999-07-02 21:32:38'),
('40','40','40','1975-03-07 18:21:51','1994-06-12 06:35:41','approved','1970-12-21 18:09:08','1988-02-20 03:39:26'),
('41','41','41','1973-10-23 08:00:50','1972-10-11 02:20:03','approved','2011-12-30 07:48:18','2018-11-10 21:49:11'),
('42','42','42','1975-05-16 07:04:56','2018-11-18 04:28:23','approved','1990-11-06 12:54:11','1973-09-15 11:54:06'),
('43','43','43','1991-06-15 14:05:03','1984-03-01 02:02:03','declined','1989-07-05 10:00:14','2008-03-14 09:54:02'),
('44','44','44','1976-04-07 03:25:16','1985-10-11 04:52:53','declined','1992-12-03 05:17:28','2002-11-24 18:45:56'),
('45','45','45','1992-10-16 19:34:16','2002-02-24 00:38:47','approved','2010-03-27 12:53:28','2004-09-15 09:08:34'),
('46','46','46','2003-02-28 07:43:56','1984-03-31 10:33:49','declined','1971-12-31 08:57:20','1990-01-04 05:58:39'),
('47','47','47','1991-11-23 08:16:22','1981-02-16 23:32:36','requested','1974-10-06 08:33:20','2012-06-09 07:02:37'),
('48','48','48','1975-01-02 08:17:53','1989-11-21 07:47:16','declined','1974-09-18 08:05:12','2006-10-13 21:34:29'),
('49','49','49','2019-09-25 23:28:39','1994-06-11 00:14:59','approved','1983-11-13 06:04:45','2004-02-01 05:14:19'),
('50','50','50','2017-03-05 11:17:07','2000-03-09 01:25:30','declined','1987-01-10 13:48:53','1987-09-02 15:58:15'),
('51','51','51','1977-11-21 08:36:14','2013-12-20 10:03:41','requested','1973-07-18 18:20:36','1998-12-13 07:10:51'),
('52','52','52','1982-10-27 16:56:13','1978-01-23 17:35:56','declined','1980-02-29 16:13:15','1999-12-30 19:49:14'),
('53','53','53','2000-01-01 03:33:26','2015-10-05 10:36:15','requested','1988-06-28 12:51:20','2017-05-26 13:57:35'),
('54','54','54','1984-06-28 15:48:04','1984-07-09 05:41:26','approved','2019-03-31 14:33:08','1996-07-22 01:44:05'),
('55','55','55','2015-03-04 08:30:53','2005-03-19 17:26:45','requested','1988-01-03 00:25:43','2011-06-01 02:56:16'),
('56','56','56','1992-09-01 23:29:16','1978-10-21 14:18:47','requested','2004-10-15 05:44:49','1977-11-02 06:25:25'),
('57','57','57','2018-09-28 01:58:44','2005-12-23 18:27:38','approved','1979-06-01 16:51:45','2006-01-16 13:10:16'),
('58','58','58','1974-12-28 12:42:05','1998-08-06 23:14:00','approved','1982-04-11 07:03:55','2006-05-09 08:37:34'),
('59','59','59','2016-06-07 21:25:02','1992-01-07 11:35:10','declined','1992-02-28 22:59:55','1971-06-14 05:55:54'),
('60','60','60','2017-08-15 17:34:42','2016-11-01 12:27:22','declined','1995-03-25 12:17:55','1989-11-01 19:57:21'),
('61','61','61','1977-02-26 22:37:56','2019-06-05 09:51:57','declined','1971-11-01 07:55:32','2015-10-31 01:00:40'),
('62','62','62','1997-08-20 11:29:22','1979-04-07 02:18:48','requested','2003-02-01 21:48:10','1992-07-16 10:38:25'),
('63','63','63','1994-06-30 14:38:25','1982-05-03 03:46:22','requested','2015-02-22 08:13:08','1972-12-02 15:28:16'),
('64','64','64','2010-10-26 06:31:03','1982-04-05 05:21:54','requested','1995-07-20 10:13:22','1973-10-07 04:54:29'),
('65','65','65','1990-06-23 01:53:59','1982-12-25 13:56:06','requested','1980-06-28 00:25:52','1971-02-07 14:58:27'),
('66','66','66','1998-01-24 00:39:17','2005-11-07 16:15:17','declined','1980-03-16 20:40:04','2013-07-20 14:52:37'),
('67','67','67','2020-08-27 19:46:50','1996-02-09 13:52:54','approved','1988-07-05 10:28:53','2015-10-18 10:55:25'),
('68','68','68','1998-09-11 17:02:22','1972-08-29 02:16:57','approved','2005-05-22 13:42:05','2006-10-05 16:42:09'),
('69','69','69','1996-01-31 10:27:09','1991-01-30 20:51:33','requested','2008-12-16 23:57:45','2015-05-16 16:12:54'),
('70','70','70','1979-08-08 01:04:11','1991-06-23 10:00:15','requested','1990-09-17 21:40:32','2005-10-14 14:11:22'),
('71','71','71','1999-03-05 20:00:15','1993-01-19 05:53:12','requested','1983-11-22 16:05:07','2010-08-19 13:10:30'),
('72','72','72','2006-10-08 16:06:11','2004-10-31 07:15:47','approved','1995-12-27 01:45:14','2014-07-03 00:09:29'),
('73','73','73','1987-10-06 09:01:10','1977-07-02 07:34:42','approved','1989-05-25 21:18:31','1972-02-18 00:10:51'),
('74','74','74','1998-09-28 12:00:54','1990-12-04 07:01:57','declined','1972-07-26 20:01:09','1998-12-01 01:24:19'),
('75','75','75','1988-01-12 06:45:30','1994-12-21 05:00:13','declined','2013-08-08 10:13:33','1988-01-11 12:28:37'),
('76','76','76','1984-11-06 06:28:43','1995-03-05 18:51:38','declined','2001-01-17 05:49:17','2004-06-29 05:26:42'),
('77','77','77','1984-05-13 12:26:12','1984-05-30 17:59:38','approved','1975-04-16 10:03:39','1984-12-09 03:46:16'),
('78','78','78','2014-06-30 18:37:11','1978-06-18 05:06:17','approved','1995-12-10 12:09:50','1992-07-03 09:51:36'),
('79','79','79','1999-04-10 19:05:24','2015-11-04 16:52:46','declined','1993-08-02 18:06:24','1993-06-23 08:24:29'),
('80','80','80','1977-04-28 03:41:22','2007-04-27 18:49:08','approved','2005-09-24 04:39:40','2014-05-19 12:27:46'),
('81','81','81','1985-07-17 15:49:51','1983-10-07 13:45:47','requested','1998-09-28 04:51:39','1983-01-01 12:41:32'),
('82','82','82','1995-12-27 10:13:15','1996-01-13 22:44:30','requested','2016-02-18 18:29:54','2001-01-29 10:12:31'),
('83','83','83','2012-12-28 18:01:29','1972-09-14 07:02:34','declined','1991-05-05 12:40:01','1988-11-25 14:06:45'),
('84','84','84','1984-05-18 14:49:02','1985-12-19 20:41:40','approved','2000-12-22 22:09:36','1990-02-06 14:25:57'),
('85','85','85','2014-01-13 18:28:55','1995-05-25 07:49:38','requested','2020-08-05 14:47:47','1993-06-09 23:24:52'),
('86','86','86','1976-07-24 12:07:53','2002-06-29 07:11:12','approved','2014-09-23 21:38:52','1992-05-30 07:01:38'),
('87','87','87','1995-09-02 18:51:47','1989-10-23 07:29:01','declined','1988-10-01 20:34:13','1979-07-20 02:43:31'),
('88','88','88','2020-02-13 20:37:22','2000-09-04 04:19:30','requested','2013-09-02 15:11:17','1984-10-06 11:53:08'),
('89','89','89','1994-05-09 02:18:10','2000-11-25 02:21:24','declined','1980-11-29 21:21:11','1989-12-15 19:30:11'),
('90','90','90','2013-02-14 19:20:43','2018-01-19 23:07:34','approved','1994-10-22 10:18:42','1980-01-19 16:55:09'),
('91','91','91','1983-10-12 10:48:36','1989-04-06 03:42:35','requested','1978-02-02 23:27:33','1976-06-18 03:53:59'),
('92','92','92','1992-08-13 22:26:15','1982-06-08 15:34:11','declined','1991-11-01 11:55:28','1970-08-28 08:11:40'),
('93','93','93','2011-11-23 04:46:53','1981-05-14 18:14:50','approved','2020-01-28 13:59:35','2009-04-21 15:46:08'),
('94','94','94','1983-01-13 13:56:25','1991-06-28 09:45:26','requested','2011-02-01 13:05:00','1986-09-16 13:04:23'),
('95','95','95','1971-04-04 07:29:17','2011-05-25 21:53:28','declined','1974-03-23 08:03:15','1992-06-30 21:06:54'),
('96','96','96','2006-05-26 05:41:45','2002-04-21 11:09:46','declined','2017-09-07 03:05:26','1970-04-09 11:49:00'),
('97','97','97','2007-08-04 03:22:14','2015-11-28 12:15:50','requested','2018-11-15 11:24:15','1999-02-21 04:42:37'),
('98','98','98','1983-09-19 05:10:36','1985-11-22 17:21:15','requested','1995-08-06 01:38:20','1993-04-09 23:05:05'),
('99','99','99','1996-11-03 03:04:51','1979-06-15 16:39:10','declined','1971-01-07 14:17:42','2009-11-21 16:49:07'),
('100','100','100','1991-11-10 06:58:15','1979-01-22 07:52:32','declined','2000-05-23 16:45:39','2005-01-21 12:49:17'); 


DROP TABLE IF EXISTS `house_type`;
CREATE TABLE `house_type` (
  `id` tinyint(3) unsigned NOT NULL AUTO_INCREMENT,
  `name` varchar(255) COLLATE utf8_unicode_ci DEFAULT NULL,
  PRIMARY KEY (`id`),
  UNIQUE KEY `name` (`name`)
) ENGINE=InnoDB AUTO_INCREMENT=6 DEFAULT CHARSET=utf8 COLLATE=utf8_unicode_ci;

INSERT INTO `house_type` VALUES ('4','atque'),
('1','Дом'),
('5','1-к. квартира'),
('3','2-к. квартира'),
('2','3-к. квартира'); 


DROP TABLE IF EXISTS `houses`;
CREATE TABLE `houses` (
  `id` bigint(20) unsigned NOT NULL AUTO_INCREMENT,
  `type_id` tinyint(3) unsigned NOT NULL,
  `owner_id` bigint(20) unsigned NOT NULL COMMENT 'собственник жилья',
  `country_id` smallint(5) unsigned DEFAULT NULL,
  `region_id` bigint(20) unsigned NOT NULL,
  `city_id` bigint(20) unsigned NOT NULL,
  `street_id` bigint(20) unsigned NOT NULL,
  `house_number` int(10) unsigned NOT NULL,
  `apartment_number` int(10) unsigned DEFAULT NULL,
  `rent_begin` datetime DEFAULT NULL COMMENT 'время начало аренды',
  `rent_end` datetime DEFAULT NULL COMMENT 'время окончания аренды',
  `created_at` datetime NOT NULL DEFAULT current_timestamp(),
  `updated_at` datetime NOT NULL DEFAULT current_timestamp() ON UPDATE current_timestamp(),
  PRIMARY KEY (`id`),
  KEY `idx_region` (`country_id`,`region_id`,`city_id`,`type_id`),
  KEY `fk_house_type` (`type_id`),
  KEY `fk_house_owner` (`owner_id`),
  KEY `fk_region` (`region_id`),
  KEY `fk_city` (`city_id`),
  KEY `fk_street` (`street_id`),
  CONSTRAINT `fk_city` FOREIGN KEY (`city_id`) REFERENCES `cities` (`id`) ON UPDATE CASCADE,
  CONSTRAINT `fk_country` FOREIGN KEY (`country_id`) REFERENCES `countries` (`id`) ON UPDATE CASCADE,
  CONSTRAINT `fk_house_owner` FOREIGN KEY (`owner_id`) REFERENCES `users` (`id`) ON UPDATE CASCADE,
  CONSTRAINT `fk_house_type` FOREIGN KEY (`type_id`) REFERENCES `house_type` (`id`) ON UPDATE CASCADE,
  CONSTRAINT `fk_region` FOREIGN KEY (`region_id`) REFERENCES `regions` (`id`) ON UPDATE CASCADE,
  CONSTRAINT `fk_street` FOREIGN KEY (`street_id`) REFERENCES `streets` (`id`) ON UPDATE CASCADE
) ENGINE=InnoDB AUTO_INCREMENT=101 DEFAULT CHARSET=utf8 COLLATE=utf8_unicode_ci;

INSERT INTO `houses` VALUES ('1','1','1','1','21','1','101','344','232','1984-02-09 14:46:45','1973-08-06 00:01:33','1994-11-30 15:09:11','1977-06-16 13:16:30'),
('2','2','2','2','22','2','102','732','282','1974-05-07 12:41:10','1987-05-05 16:57:58','2020-04-28 01:38:56','2018-04-24 11:02:36'),
('3','3','3','3','23','3','103','325','613','1978-10-14 23:05:03','2000-05-22 08:55:14','1980-06-28 15:17:21','1987-03-05 16:21:12'),
('4','4','4','1','24','4','104','316','411','2001-05-14 22:31:57','1994-05-22 04:57:41','1992-06-18 16:58:22','1990-02-27 21:31:17'),
('5','5','5','2','25','5','105','822','575','1978-02-12 12:29:57','1974-12-12 09:26:12','1981-07-19 21:20:58','1992-02-29 05:21:42'),
('6','1','6','3','26','6','106','626','773','2008-12-24 20:30:20','2011-05-12 23:10:35','2016-09-17 20:36:56','2006-11-25 04:20:13'),
('7','2','7','1','27','7','107','850','482','1995-10-21 09:23:29','2019-12-17 22:17:23','1991-04-27 07:36:18','2000-12-21 22:19:21'),
('8','3','8','2','28','8','108','4','466','1999-12-24 15:39:31','2001-04-12 03:21:36','1972-07-08 06:22:21','2007-03-04 11:21:11'),
('9','4','9','3','29','9','109','450','10','1992-10-08 07:21:31','2002-08-16 13:26:42','1978-04-24 11:42:02','1985-10-16 09:09:54'),
('10','5','10','1','30','10','110','46','676','2020-01-03 08:40:30','2018-10-14 07:34:38','1991-03-03 21:25:28','2000-02-08 02:03:28'),
('11','1','11','2','31','11','111','832','400','1975-11-21 17:28:12','1998-08-07 14:30:09','2002-02-18 20:55:18','1981-12-23 02:01:05'),
('12','2','12','3','32','12','112','487','331','1987-11-24 05:10:57','2007-03-23 03:43:58','1982-06-11 17:45:29','1992-07-03 02:01:45'),
('13','3','13','1','33','13','113','594','404','2005-03-20 21:36:46','1986-02-22 20:39:54','1973-03-15 20:38:01','2020-08-31 13:08:52'),
('14','4','14','2','34','14','114','733','435','1997-03-28 05:51:14','2018-11-09 12:42:24','1971-11-15 09:56:27','1997-11-01 18:31:31'),
('15','5','15','3','36','15','115','617','286','1988-04-27 05:42:40','1988-11-29 20:42:45','1979-08-04 19:03:35','2002-05-15 14:24:52'),
('16','1','16','1','37','16','116','826','796','2012-08-20 00:57:10','1999-09-24 05:49:34','1984-10-25 06:20:48','1994-10-12 08:11:42'),
('17','2','17','2','38','17','117','968','897','1977-11-10 05:25:43','2003-09-22 14:00:03','1976-12-25 03:24:47','2006-02-27 18:05:34'),
('18','3','18','3','39','18','118','630','462','1997-12-28 20:58:43','2014-09-15 10:13:18','2000-04-27 08:28:01','2012-03-25 06:09:51'),
('19','4','19','1','40','19','119','782','467','1971-12-18 17:01:54','1992-06-22 13:18:13','2020-02-26 21:49:49','1971-05-04 14:46:56'),
('20','5','20','2','21','20','120','782','682','1993-06-18 16:11:16','1983-04-09 22:31:59','1980-11-03 18:15:23','1993-08-28 18:52:45'),
('21','1','21','3','22','21','121','766','279','1994-06-09 18:22:38','2018-02-28 20:23:14','2009-03-13 22:42:16','1998-05-09 14:33:27'),
('22','2','22','1','23','22','122','406','622','2000-01-28 21:53:02','1999-10-15 03:42:20','1978-06-06 19:11:03','1982-06-25 09:46:35'),
('23','3','23','2','24','23','123','803','984','2012-12-13 01:32:52','1998-10-13 06:22:32','1992-01-21 06:24:43','1994-07-27 10:00:18'),
('24','4','24','3','25','24','124','444','839','1977-04-26 04:16:07','1987-03-12 22:18:51','1973-03-09 03:21:48','2009-01-20 12:24:05'),
('25','5','25','1','26','25','125','862','112','2015-03-06 14:36:46','2005-12-03 06:35:08','1986-08-13 21:32:20','1985-03-09 18:57:38'),
('26','1','26','2','27','26','126','551','372','1972-11-24 18:53:52','1996-11-26 11:05:33','1979-12-26 00:08:09','1990-02-21 03:51:06'),
('27','2','27','3','28','27','127','706','584','1978-10-24 16:54:46','1974-08-14 11:21:41','1996-01-10 12:01:47','2006-03-20 18:18:42'),
('28','3','28','1','29','28','128','345','991','2015-07-23 23:37:58','1986-03-22 18:58:47','2002-12-23 12:57:43','2017-11-20 00:21:50'),
('29','4','29','2','30','29','129','425','153','1988-11-20 18:54:51','2000-04-12 14:13:29','2007-08-07 05:49:51','2015-07-20 00:34:50'),
('30','5','30','3','31','30','130','414','610','1986-09-02 06:42:00','2020-10-24 17:01:59','1997-03-05 09:29:41','1993-05-26 11:28:39'),
('31','1','31','1','32','31','131','77','119','1970-09-30 08:40:50','1986-03-30 00:47:35','1979-04-03 05:04:16','1976-08-20 17:26:57'),
('32','2','32','2','33','32','132','414','803','2009-02-05 03:48:23','2006-09-01 20:22:50','1987-05-26 12:26:20','1983-08-25 13:27:50'),
('33','3','33','3','34','33','133','430','632','2004-06-18 11:37:00','1991-07-15 04:45:57','1985-05-26 06:57:48','1979-12-16 18:23:51'),
('34','4','34','1','36','34','134','708','522','2007-04-16 14:01:16','2002-03-19 18:56:51','2013-12-28 23:28:08','2010-03-01 09:19:30'),
('35','5','35','2','37','35','135','761','865','1990-10-18 12:24:22','1973-06-17 05:30:30','2011-12-03 10:04:17','2015-07-22 08:40:05'),
('36','1','36','3','38','36','136','948','735','2011-05-30 21:17:35','1997-06-09 22:32:19','1989-06-07 09:15:05','2003-10-19 15:26:46'),
('37','2','37','1','39','37','137','939','822','2020-11-08 15:26:33','2018-01-05 08:54:20','2013-11-12 04:20:03','1980-05-03 09:04:53'),
('38','3','38','2','40','38','138','804','793','2012-10-06 23:31:06','1983-11-20 15:04:03','2013-07-10 14:55:03','2008-05-19 06:46:56'),
('39','4','39','3','21','39','139','402','902','2000-09-02 07:41:33','2016-02-19 10:25:37','1973-09-03 05:03:01','1996-09-29 09:58:34'),
('40','5','40','1','22','40','140','948','292','2004-11-27 04:29:27','1989-06-17 21:09:36','1975-09-10 08:30:20','2016-05-28 23:46:57'),
('41','1','41','2','23','41','141','945','574','2000-07-27 11:29:59','1980-12-27 01:44:30','1983-04-01 08:10:31','2019-03-15 08:35:33'),
('42','2','42','3','24','42','142','503','899','1974-03-17 11:48:37','1976-01-13 04:16:44','2012-09-04 11:24:30','1982-01-29 21:13:21'),
('43','3','43','1','25','43','143','178','756','1989-11-19 23:06:00','2006-05-10 20:57:33','1999-08-21 13:43:45','1987-12-06 08:06:41'),
('44','4','44','2','26','44','144','160','631','2013-05-22 15:03:58','2001-06-21 18:27:23','1992-11-06 13:49:37','1983-08-11 18:19:15'),
('45','5','45','3','27','45','145','421','839','1995-11-30 00:58:49','1987-08-04 23:21:27','1988-03-25 14:12:14','1998-03-22 04:50:35'),
('46','1','46','1','28','46','146','679','27','1979-11-26 08:57:40','1987-04-29 23:27:33','2018-11-22 04:23:35','1977-12-23 08:00:02'),
('47','2','47','2','29','47','147','333','406','2005-10-11 23:48:31','1992-10-29 02:11:24','2010-04-07 06:14:02','2008-11-14 14:36:35'),
('48','3','48','3','30','48','148','580','674','1996-12-20 11:14:49','2005-05-04 13:00:46','1980-05-12 04:29:40','2000-02-29 05:30:34'),
('49','4','49','1','31','49','149','464','94','1997-12-14 01:57:02','1987-03-16 15:08:44','2018-01-14 14:12:21','2009-12-21 03:20:09'),
('50','5','50','2','32','50','150','78','390','1979-09-26 22:08:25','1986-11-10 17:14:36','2000-04-30 03:19:21','2008-03-18 19:03:39'),
('51','1','51','3','33','1','151','297','441','1973-02-04 06:27:59','1985-03-12 12:35:51','2014-07-24 00:55:31','2004-08-01 04:36:29'),
('52','2','52','1','34','2','152','159','525','2011-03-25 02:12:14','2010-03-11 17:01:11','1975-08-09 13:20:54','2019-07-22 17:31:38'),
('53','3','53','2','36','3','153','976','268','1974-10-05 22:52:10','1982-06-09 20:39:07','1972-10-16 21:45:53','1993-08-13 16:03:49'),
('54','4','54','3','37','4','154','451','149','1992-09-02 03:22:26','1984-04-20 22:16:37','1982-02-18 20:25:39','1983-12-27 11:04:23'),
('55','5','55','1','38','5','155','122','172','2003-09-23 14:24:30','1979-10-18 19:22:17','1976-04-19 13:29:17','1998-05-11 11:57:50'),
('56','1','56','2','39','6','156','938','241','1970-09-15 09:16:27','1986-02-04 06:45:36','2003-11-22 21:01:08','2005-03-03 03:27:18'),
('57','2','57','3','40','7','157','260','758','1996-02-29 15:09:57','1975-05-31 09:30:24','1979-12-30 23:01:29','2002-01-25 22:30:11'),
('58','3','58','1','21','8','158','862','862','2018-06-30 08:57:20','1971-04-09 22:34:16','1973-04-03 07:17:15','1971-12-18 14:02:05'),
('59','4','59','2','22','9','159','610','276','2011-04-25 22:41:30','1979-09-24 04:17:04','2011-06-30 23:14:10','2003-03-21 11:22:37'),
('60','5','60','3','23','10','160','836','844','1971-05-13 02:48:32','1991-05-05 07:17:10','1984-03-26 01:48:44','2001-01-28 05:49:40'),
('61','1','61','1','24','11','161','198','673','2015-09-29 13:32:09','1982-07-24 07:07:03','1990-08-01 14:56:51','1978-04-15 21:35:18'),
('62','2','62','2','25','12','162','430','964','2015-08-13 01:48:00','1974-06-20 05:25:04','1984-02-20 17:11:25','1993-04-19 19:50:16'),
('63','3','63','3','26','13','163','494','368','1988-07-28 22:21:49','1997-03-04 20:55:20','2019-08-15 05:08:08','1976-08-11 04:21:30'),
('64','4','64','1','27','14','164','904','315','1976-09-06 00:57:12','2019-06-28 10:41:50','2003-09-23 12:59:31','1974-11-13 16:30:04'),
('65','5','65','2','28','15','165','335','784','1994-07-01 19:00:00','1973-10-03 18:58:33','1983-10-11 06:51:07','1996-05-20 12:34:38'),
('66','1','66','3','29','16','166','586','29','2004-12-14 12:31:02','2013-11-10 13:42:32','1997-05-26 13:36:36','1979-09-14 23:40:00'),
('67','2','67','1','30','17','167','516','74','1980-07-19 08:47:37','2002-08-08 23:52:14','1986-03-24 18:50:01','1990-08-04 23:59:50'),
('68','3','68','2','31','18','168','823','92','1986-09-19 02:43:49','1989-08-02 11:44:52','1997-11-17 00:18:03','1999-09-24 05:40:58'),
('69','4','69','3','32','19','169','117','526','2004-02-26 03:46:10','1979-05-22 21:22:42','1978-04-26 01:10:44','2015-10-18 22:47:35'),
('70','5','70','1','33','20','170','978','373','2016-03-21 05:11:53','1974-11-14 21:16:36','1996-04-12 23:48:49','2012-03-27 08:49:55'),
('71','1','71','2','34','21','171','434','899','2020-10-03 19:39:42','2012-11-12 15:28:25','2006-05-09 20:26:51','1973-12-20 04:22:41'),
('72','2','72','3','36','22','172','189','134','2005-06-07 15:36:16','2006-05-09 18:33:27','2014-01-12 21:06:27','2010-02-24 00:36:16'),
('73','3','73','1','37','23','173','362','42','1989-12-24 10:36:42','2008-03-15 14:02:50','2002-08-16 14:14:18','1980-04-22 05:11:10'),
('74','4','74','2','38','24','174','267','759','2018-10-23 01:49:02','1982-09-24 15:31:32','1979-01-01 13:20:39','1991-12-06 02:39:17'),
('75','5','75','3','39','25','175','610','883','2017-04-29 03:05:59','2002-01-29 12:43:33','2005-06-27 18:16:49','1981-07-04 21:15:13'),
('76','1','76','1','40','26','176','244','51','1972-08-08 04:48:31','2001-05-16 06:51:09','1985-08-31 00:28:11','2009-01-25 04:27:10'),
('77','2','77','2','21','27','177','313','566','2003-10-02 14:12:50','1996-07-14 00:33:19','1990-12-27 15:05:40','1980-10-28 11:36:43'),
('78','3','78','3','22','28','178','302','607','1991-07-29 06:27:40','2013-11-06 03:02:20','1993-11-25 13:50:09','2003-03-16 23:51:30'),
('79','4','79','1','23','29','179','744','863','2015-05-30 19:32:42','1992-11-17 03:32:08','2014-11-10 06:12:40','1989-06-03 18:50:05'),
('80','5','80','2','24','30','180','577','859','1988-11-16 23:43:40','1992-08-24 13:00:49','2003-02-15 19:12:46','2009-12-22 00:38:58'),
('81','1','81','3','25','31','181','540','185','2009-06-22 02:39:47','1974-12-14 18:40:35','2002-07-06 04:57:58','1980-01-26 08:52:24'),
('82','2','82','1','26','32','182','725','965','1988-02-08 05:12:55','2006-07-31 03:40:14','2012-06-12 01:37:28','2006-10-16 19:01:53'),
('83','3','83','2','27','33','183','760','763','1994-02-22 12:23:32','1996-07-17 16:43:50','2012-05-10 06:00:04','1991-10-22 14:45:39'),
('84','4','84','3','28','34','184','198','459','1978-12-10 14:12:23','1979-06-04 07:56:11','2002-12-09 06:59:59','1998-01-23 07:44:23'),
('85','5','85','1','29','35','185','727','706','1982-04-22 21:52:11','1992-02-04 15:10:23','1976-03-30 14:02:45','1977-09-04 20:57:10'),
('86','1','86','2','30','36','186','555','820','1977-09-24 00:03:51','1983-11-10 21:02:29','2010-02-25 02:22:49','1993-08-18 20:00:06'),
('87','2','87','3','31','37','187','68','771','2013-01-24 11:22:25','1973-07-21 19:02:03','2019-07-30 06:13:53','1989-10-26 12:01:54'),
('88','3','88','1','32','38','188','95','344','1987-01-06 10:19:45','1993-02-12 11:55:26','1986-05-11 16:10:41','1983-04-17 20:49:06'),
('89','4','89','2','33','39','189','703','317','1999-01-28 02:48:16','2018-04-09 14:01:57','2020-05-21 16:15:52','2011-06-16 07:41:53'),
('90','5','90','3','34','40','190','886','1','1976-02-13 04:57:49','2019-11-13 13:00:10','2005-05-08 12:36:14','2008-01-08 04:10:47'),
('91','1','91','1','36','41','191','867','280','1985-08-07 03:46:37','1996-03-01 13:53:34','1985-04-06 17:25:02','1991-10-12 13:31:17'),
('92','2','92','2','37','42','192','976','948','1977-07-12 01:54:41','1988-02-24 13:21:37','2001-08-12 05:25:10','2008-11-14 02:49:55'),
('93','3','93','3','38','43','193','556','396','2002-07-27 22:37:05','1986-08-30 07:57:21','2003-02-15 12:19:51','2006-06-15 23:43:28'),
('94','4','94','1','39','44','194','455','915','2018-07-07 21:09:02','1995-04-23 15:27:10','1982-03-31 23:36:39','1972-08-19 13:46:42'),
('95','5','95','2','40','45','195','329','634','2000-12-01 13:33:33','1975-09-16 18:44:52','1985-05-10 15:33:52','1999-07-13 13:58:27'),
('96','1','96','3','21','46','196','294','703','1994-03-27 10:09:36','2001-04-17 19:19:56','2016-12-21 12:15:59','1997-08-18 08:23:04'),
('97','2','97','1','22','47','197','401','18','1976-11-22 02:01:02','1983-01-09 03:58:17','1994-05-19 10:16:25','2018-01-05 10:16:49'),
('98','3','98','2','23','48','198','863','269','2020-08-31 00:19:47','2014-06-23 02:25:58','2016-10-07 10:50:29','1997-09-06 21:06:39'),
('99','4','99','3','24','49','199','858','449','2015-10-23 13:45:39','1990-07-28 12:15:43','1996-04-03 09:09:57','1972-11-22 01:56:57'),
('100','5','100','1','25','50','200','777','272','2006-12-19 17:50:00','1999-12-11 13:57:13','2020-06-26 04:25:45','2020-09-11 10:59:59'); 


DROP TABLE IF EXISTS `profiles`;
CREATE TABLE `profiles` (
  `user_id` bigint(20) unsigned NOT NULL,
  `birthday` date DEFAULT NULL,
  `gender` enum('male','female') COLLATE utf8_unicode_ci DEFAULT NULL,
  `mobile_phone` bigint(20) DEFAULT NULL,
  `landline_phone` bigint(20) DEFAULT NULL,
  `email` varchar(150) COLLATE utf8_unicode_ci DEFAULT NULL,
  `created_at` datetime NOT NULL DEFAULT current_timestamp(),
  `updated_at` datetime NOT NULL DEFAULT current_timestamp() ON UPDATE current_timestamp(),
  UNIQUE KEY `user_id` (`user_id`),
  CONSTRAINT `fk_user_id` FOREIGN KEY (`user_id`) REFERENCES `users` (`id`) ON UPDATE CASCADE,
  CONSTRAINT `CONSTRAINT_1` CHECK (`mobile_phone` is not null or `landline_phone` is not null or `email` is not null)
) ENGINE=InnoDB DEFAULT CHARSET=utf8 COLLATE=utf8_unicode_ci;

INSERT INTO `profiles` VALUES ('1','2004-10-04','female','85690629743','72642356437','roslyn.turcotte@example.org','1977-08-15 14:11:29','2016-06-28 23:39:46'),
('2','1972-02-03','female','86281084786','9494924090','nheaney@example.net','2010-01-03 01:24:40','1993-09-12 10:45:10'),
('3','2006-06-09','female','82712935083','16732413310','yost.tracey@example.com','2000-06-11 10:53:38','1984-05-15 07:35:11'),
('4','1994-09-13','female','80579499807','49106823358','bernhard.una@example.org','2005-10-03 02:18:26','1983-02-01 21:31:03'),
('5','1998-06-28','female','88888793187','45409415772','kenton.price@example.com','1994-01-30 17:10:00','1971-06-15 00:43:08'),
('6','1971-01-26','female','85630467412','92282055622','sconn@example.org','2007-02-14 11:05:39','1978-08-21 18:03:28'),
('7','1996-08-22','female','87741806171','93545933244','aliza.cruickshank@example.org','1993-06-13 21:15:14','1989-09-21 21:48:01'),
('8','1978-05-21','female','87101803719','4118615116','uvonrueden@example.com','1982-03-16 08:13:15','1984-02-15 16:18:26'),
('9','2000-04-05','male','82801723470','61741792418','runte.walter@example.net','2003-07-05 12:27:25','1972-07-17 21:56:59'),
('10','1983-10-07','female','85298257158','43531383861','tito19@example.org','2019-01-20 08:44:02','1980-11-19 17:55:46'),
('11','2020-01-04','male','82382393791','68559672904','emelie.kuphal@example.com','1984-07-21 12:11:57','2009-03-15 16:05:38'),
('12','2015-06-06','female','81047751777','7166679527','tbrakus@example.com','1986-09-02 15:58:09','2016-08-23 01:52:47'),
('13','1980-03-01','male','83472837335','64534176381','gmuller@example.org','1977-08-17 14:17:52','2003-04-02 00:17:41'),
('14','2003-03-16','male','82372320070','85802335838','kenna79@example.org','1972-09-09 11:03:25','1970-03-26 12:58:23'),
('15','1999-01-18','male','86198622672','86608739337','josue29@example.org','2003-06-04 21:20:02','1970-09-04 15:52:58'),
('16','1973-10-04','female','89983691596','25519463997','hudson.wilhelmine@example.com','2013-05-10 00:31:51','1997-08-17 20:54:59'),
('17','1971-12-26','male','81885827952','49558915400','bertram32@example.com','1990-06-28 22:41:15','2018-06-07 04:23:58'),
('18','2008-10-28','male','85949353780','49235494235','lbashirian@example.org','2012-03-27 06:27:20','2019-04-12 00:14:25'),
('19','1982-10-13','female','84591052602','57918477683','kub.carlos@example.net','1975-05-25 03:59:40','1979-05-23 20:13:16'),
('20','1970-09-08','male','81589803211','21175982957','lempi33@example.org','1995-07-30 00:07:08','2010-12-19 06:28:08'),
('21','2015-09-16','female','81869053975','30910918298','wilderman.elwin@example.org','1979-02-11 01:34:57','1986-06-25 17:20:15'),
('22','1976-06-14','female','81215335018','29578967809','coy06@example.org','1989-12-24 21:40:45','2000-07-04 14:46:12'),
('23','2007-05-30','female','82898429175','4630066958','gshanahan@example.org','2014-03-10 04:28:53','2007-05-08 14:41:28'),
('24','2019-08-17','female','85207198560','19474950538','bulah.durgan@example.net','2010-10-27 11:50:07','1971-07-01 21:01:41'),
('25','1976-11-18','female','88844206403','59393719450','maria.ratke@example.com','2015-11-23 12:03:51','1989-05-08 05:32:37'),
('26','1979-05-13','female','89838608908','14169112561','lolson@example.net','1978-07-16 05:28:22','2010-05-31 01:35:08'),
('27','2016-04-03','male','82059919214','17153352364','tyrese.nader@example.org','1976-06-13 08:55:48','1997-12-22 20:39:14'),
('28','1984-06-05','female','88465314880','56012943220','reynolds.catharine@example.net','1973-01-18 08:21:53','1975-07-20 05:00:47'),
('29','2008-06-01','female','89936613775','11296950154','trey.kohler@example.org','1973-11-26 01:51:44','2016-09-27 10:23:58'),
('30','2004-12-07','male','86078807818','46151310176','charity24@example.org','1984-06-24 20:41:46','1993-07-07 10:58:42'),
('31','1993-07-27','male','89823785354','52741820717','elmore.schuster@example.com','1993-05-05 14:43:36','1984-04-09 16:04:35'),
('32','1972-01-06','male','86379798818','99197095005','eeffertz@example.com','1983-01-13 12:19:28','1991-11-04 00:55:25'),
('33','1984-10-27','male','84979140199','13139432839','huels.brooklyn@example.net','1972-11-29 15:09:50','2011-06-05 13:52:30'),
('34','1981-01-04','male','89753714720','42515201464','amorissette@example.net','2008-12-21 13:18:35','1984-04-01 22:04:13'),
('35','2007-09-19','female','86298258705','93069164667','cassandra56@example.net','1974-04-11 15:54:10','1982-09-21 02:37:07'),
('36','1998-08-01','male','82884125928','49178299363','luella.goldner@example.com','1994-03-05 23:25:37','2010-12-31 08:17:50'),
('37','1987-06-04','male','85776201239','35749676001','krajcik.kathryne@example.org','1986-01-27 05:37:36','1990-08-09 20:12:59'),
('38','1981-10-01','male','83949139397','15765493409','donato18@example.org','2003-11-07 19:43:13','2020-01-30 16:04:01'),
('39','1984-07-06','female','83125463114','30275925570','mbarrows@example.com','1993-06-27 06:49:55','1995-10-26 03:13:15'),
('40','1973-12-14','male','89472590372','1504420152','earl.goodwin@example.com','1993-06-21 08:20:34','2001-04-21 06:44:30'),
('41','1988-03-20','male','85613250378','80427257121','schmeler.joan@example.net','1999-08-27 02:44:30','2013-07-23 06:36:47'),
('42','2011-12-13','male','83939054515','91348652786','carter23@example.org','1983-08-25 13:20:55','1979-11-21 19:21:38'),
('43','1990-06-29','female','85674747750','96205878710','tmacejkovic@example.net','1990-03-30 02:33:23','1985-01-26 16:52:42'),
('44','2004-05-24','female','83426371957','67220548494','walsh.edward@example.net','2013-02-20 13:22:27','1981-06-25 12:18:17'),
('45','1972-10-12','male','88555259555','21650692066','tanya.willms@example.com','2012-10-26 05:18:01','1991-08-18 23:24:22'),
('46','2003-03-19','male','86065933206','40000090842','simeon.rosenbaum@example.com','1988-09-04 11:26:33','1978-12-24 19:55:07'),
('47','2017-08-31','male','89268930340','83909495773','margot30@example.net','1998-02-13 11:27:35','2007-08-18 05:00:45'),
('48','1976-08-06','female','80759127200','21903301432','weimann.ubaldo@example.org','1982-05-04 18:18:07','1995-09-05 21:04:37'),
('49','2004-11-16','female','89944988121','17994299895','rath.nathanial@example.com','2018-06-17 11:10:34','2015-01-21 01:45:36'),
('50','1989-01-31','male','80888418569','92959385338','abernathy.karen@example.com','2013-05-07 04:03:18','2016-07-13 10:03:49'),
('51','2012-12-22','male','82141985162','59800007168','felicita.baumbach@example.net','1970-03-06 16:26:09','1995-01-05 03:30:52'),
('52','1996-11-11','female','86460554921','5976181863','nikolaus.cole@example.com','1977-06-14 23:15:21','1988-06-17 16:00:09'),
('53','2004-06-05','male','85510924290','42287438104','xharris@example.com','1979-08-28 23:34:38','1983-03-25 18:41:38'),
('54','1972-05-01','female','85474406261','70835895617','kuhic.ella@example.org','1982-06-25 07:40:37','2020-06-16 11:46:33'),
('55','1973-12-03','female','86146174427','5825745413','lelia.cormier@example.org','2006-10-11 16:20:14','1971-12-08 03:55:31'),
('56','2011-05-01','male','84272643709','16542881261','hope94@example.org','1979-01-01 09:00:19','1990-06-12 16:56:52'),
('57','1986-06-09','female','80474605658','79016398708','bogisich.karl@example.net','1974-03-21 23:35:45','2003-03-09 02:09:40'),
('58','2007-09-29','male','88030152004','14213805766','zlueilwitz@example.org','1987-09-01 04:57:34','1994-03-12 12:56:48'),
('59','1984-08-04','female','85720099732','56540397605','hzieme@example.net','2004-04-08 21:57:18','1975-07-23 01:44:32'),
('60','2003-10-01','male','83028389941','5238869171','ethelyn96@example.net','1979-08-08 11:45:30','2001-11-18 14:10:11'),
('61','2016-04-12','female','80284958542','71646294310','ofadel@example.com','2001-09-08 01:56:02','2006-11-22 05:46:01'),
('62','1975-02-24','male','82435258543','7079161483','rswaniawski@example.org','1980-10-07 02:15:30','2002-08-25 08:46:33'),
('63','1994-12-27','male','81985268010','44428284564','jaunita35@example.com','1993-08-12 18:54:32','2001-04-29 15:56:42'),
('64','2017-04-03','male','80569083583','7422295452','glover.karley@example.org','2007-06-09 03:00:45','1987-06-23 09:37:10'),
('65','2016-09-19','female','89845702000','39745485601','terry.marques@example.net','2014-10-04 05:31:19','1981-03-06 13:10:36'),
('66','1976-07-07','male','84444237570','26423859512','hagenes.rupert@example.org','1998-08-13 17:30:31','1999-11-27 11:52:26'),
('67','1989-09-11','female','83416904453','34987564290','tlebsack@example.com','1972-04-07 17:28:58','2009-11-05 15:04:24'),
('68','2013-07-21','female','89607791267','34296365510','april67@example.net','1974-03-18 16:53:52','2018-02-20 13:44:47'),
('69','1981-08-18','female','86213385784','67653900921','luettgen.helga@example.com','2012-12-15 14:43:20','1984-10-12 10:20:05'),
('70','2004-02-02','female','83654009024','90911348150','lhand@example.net','1996-08-25 07:47:18','1971-06-21 01:34:58'),
('71','2009-07-01','male','84635170316','73840895613','vprosacco@example.org','1980-04-30 11:25:25','1987-02-17 00:46:11'),
('72','1978-05-02','male','80678032562','94958548794','haleigh98@example.org','2002-03-30 20:59:35','2002-10-05 01:25:30'),
('73','2019-06-21','male','82897907281','87119769990','dtreutel@example.com','1997-08-24 13:56:42','2010-10-13 14:07:33'),
('74','2014-11-09','female','85371599402','65845201673','koepp.sophie@example.org','2018-09-19 05:47:07','1977-02-02 17:12:50'),
('75','1991-01-09','male','85236736279','80949998097','ubeatty@example.com','1999-09-29 01:06:03','1971-03-22 11:10:51'),
('76','2005-03-15','male','81874817172','40580266173','malika.o\'reilly@example.org','1998-06-15 14:33:01','2004-05-05 23:37:18'),
('77','2015-12-27','male','82344191358','88744665190','belle.barrows@example.net','1987-07-13 04:30:57','1975-10-02 15:29:47'),
('78','2003-06-16','female','87022864455','20763551865','gwitting@example.org','2017-01-30 14:48:16','2012-08-01 04:50:42'),
('79','1977-08-27','female','85144933070','10560559945','buddy.batz@example.net','1978-02-10 04:50:38','1979-01-28 04:20:48'),
('80','1970-06-12','female','83697238774','92825512085','darrin.spinka@example.net','1974-11-12 00:01:30','2020-03-25 18:30:48'),
('81','2015-11-19','female','83607638413','22257649639','beahan.juston@example.org','2016-06-10 22:30:18','2001-05-18 04:33:47'),
('82','2002-01-08','female','84056531004','14601402435','ddicki@example.net','2019-08-06 07:21:31','1974-04-11 05:16:58'),
('83','1995-12-19','female','82169543383','18112615145','idella90@example.org','2010-02-24 01:23:03','2020-11-23 03:01:05'),
('84','1977-01-23','male','84192919926','16137429826','amoore@example.net','1996-09-11 18:23:53','1996-07-26 11:57:46'),
('85','1978-09-29','female','89295208980','21372651851','jhaley@example.org','1994-08-11 00:43:23','1977-07-19 07:26:23'),
('86','2000-03-05','male','86108721792','78049138237','rlang@example.net','1989-05-01 13:58:47','2011-11-09 17:48:46'),
('87','2010-02-21','male','88990637692','57244180065','wyman.nyah@example.org','2008-02-11 18:57:29','2016-09-01 13:13:28'),
('88','1998-09-08','female','82781546264','61041430309','renner.ronaldo@example.org','1985-11-08 11:39:44','1981-05-18 18:11:33'),
('89','1983-11-09','male','89145049583','76302456915','sdickinson@example.com','1996-04-24 17:00:18','1994-06-06 22:40:45'),
('90','2018-03-13','male','88247978999','80905060013','bernadine43@example.org','2006-05-26 12:05:35','2006-08-18 20:55:57'),
('91','1972-09-08','female','89049562062','78432030569','caterina.treutel@example.net','2006-03-14 17:49:07','1990-07-17 08:51:53'),
('92','1976-01-01','female','81341200522','53292317823','jaida51@example.com','2004-12-27 13:02:05','2000-09-18 08:38:14'),
('93','2004-12-24','male','88800058225','11596235341','ugrant@example.net','1977-01-26 11:25:08','2008-05-11 19:45:52'),
('94','2005-07-11','female','83264704304','56626649293','raymond.johnson@example.com','2015-11-06 00:09:02','1978-03-09 09:38:33'),
('95','2014-09-30','male','81002458813','42438959530','georgianna44@example.com','2010-02-08 18:02:37','1992-07-16 13:51:38'),
('96','2014-01-28','female','84731326159','93972929331','hschultz@example.net','1992-09-08 23:47:03','1980-08-13 15:10:48'),
('97','2017-02-03','male','84253427428','93564947929','ykshlerin@example.org','1973-03-23 14:52:00','1990-07-03 17:37:57'),
('98','1980-08-13','male','89142095111','10153983341','ufranecki@example.net','2020-01-28 06:39:46','1977-03-27 09:16:43'),
('99','2006-04-20','female','88888111878','46320628730','greenfelder.maurine@example.net','2019-06-08 15:52:42','1975-10-17 08:19:17'),
('100','1972-01-24','female','82399359294','41074330211','frankie.cremin@example.net','1984-11-02 08:40:05','2007-11-24 17:04:42'); 


DROP TABLE IF EXISTS `regions`;
CREATE TABLE `regions` (
  `id` bigint(20) unsigned NOT NULL AUTO_INCREMENT,
  `name` varchar(255) COLLATE utf8_unicode_ci NOT NULL,
  `country_id` smallint(5) unsigned NOT NULL,
  PRIMARY KEY (`id`),
  UNIQUE KEY `idx_country_region` (`country_id`,`name`),
  CONSTRAINT `fk_country_id` FOREIGN KEY (`country_id`) REFERENCES `countries` (`id`) ON UPDATE CASCADE
) ENGINE=InnoDB AUTO_INCREMENT=41 DEFAULT CHARSET=utf8 COLLATE=utf8_unicode_ci;

INSERT INTO `regions` VALUES ('33','autem','1'),
('30','blanditiis','1'),
('24','cumque','1'),
('27','doloribus','1'),
('36','eos','1'),
('21','est','1'),
('39','repudiandae','1'),
('22','cupiditate','2'),
('37','esse','2'),
('31','est','2'),
('25','ipsam','2'),
('34','odio','2'),
('40','quia','2'),
('28','voluptatem','2'),
('26','autem','3'),
('38','laudantium','3'),
('29','quisquam','3'),
('23','repellat','3'),
('32','voluptatem','3'); 


DROP TABLE IF EXISTS `streets`;
CREATE TABLE `streets` (
  `id` bigint(20) unsigned NOT NULL AUTO_INCREMENT,
  `name` varchar(255) COLLATE utf8_unicode_ci NOT NULL,
  `city_id` bigint(20) unsigned NOT NULL,
  PRIMARY KEY (`id`),
  UNIQUE KEY `idx_streets` (`city_id`,`name`),
  CONSTRAINT `fk_city_id` FOREIGN KEY (`city_id`) REFERENCES `cities` (`id`) ON UPDATE CASCADE
) ENGINE=InnoDB AUTO_INCREMENT=201 DEFAULT CHARSET=utf8 COLLATE=utf8_unicode_ci;

INSERT INTO `streets` VALUES ('151','adipisci','1'),
('101','nesciunt','1'),
('152','excepturi','2'),
('102','molestiae','2'),
('153','odio','3'),
('103','quisquam','3'),
('104','pariatur','4'),
('154','saepe','4'),
('155','iure','5'),
('105','numquam','5'),
('156','minus','6'),
('106','voluptas','6'),
('107','earum','7'),
('157','sit','7'),
('108','excepturi','8'),
('158','quia','8'),
('109','similique','9'),
('159','velit','9'),
('160','aspernatur','10'),
('110','exercitationem','10'),
('111','ea','11'),
('161','vitae','11'),
('162','animi','12'),
('112','possimus','12'),
('113','laborum','13'),
('163','repellendus','13'),
('114','quis','14'),
('164','quo','14'),
('165','deserunt','15'),
('115','ducimus','15'),
('166','et','16'),
('116','tempore','16'),
('117','molestias','17'),
('167','ut','17'),
('118','ea','18'),
('168','voluptates','18'),
('119','ab','19'),
('169','dolorem','19'),
('170','tempora','20'),
('120','veniam','20'),
('121','aliquid','21'),
('171','impedit','21'),
('172','nisi','22'),
('122','odio','22'),
('123','aliquid','23'),
('173','aperiam','23'),
('124','debitis','24'),
('174','sequi','24'),
('125','eos','25'),
('175','quod','25'),
('176','aut','26'),
('126','error','26'),
('127','doloremque','27'),
('177','quis','27'),
('178','molestias','28'),
('128','quaerat','28'),
('129','amet','29'),
('179','cumque','29'),
('130','optio','30'),
('180','voluptas','30'),
('181','nisi','31'),
('131','ut','31'),
('182','quaerat','32'),
('132','tempora','32'),
('133','dolorem','33'),
('183','vero','33'),
('184','dolore','34'),
('134','suscipit','34'),
('185','molestiae','35'),
('135','nemo','35'),
('186','qui','36'),
('136','quia','36'),
('187','culpa','37'),
('137','inventore','37'),
('188','consequatur','38'),
('138','sit','38'),
('189','accusantium','39'),
('139','nesciunt','39'),
('140','esse','40'),
('190','sapiente','40'),
('191','illo','41'),
('141','velit','41'),
('142','quia','42'),
('192','repellendus','42'),
('193','dicta','43'),
('143','vel','43'),
('194','debitis','44'),
('144','non','44'),
('195','id','45'),
('145','rerum','45'),
('146','doloribus','46'),
('196','optio','46'),
('147','delectus','47'),
('197','voluptas','47'),
('148','deserunt','48'),
('198','voluptatum','48'),
('199','omnis','49'),
('149','sint','49'),
('150','consequatur','50'),
('200','voluptates','50'); 


DROP TABLE IF EXISTS `users`;
CREATE TABLE `users` (
  `id` bigint(20) unsigned NOT NULL AUTO_INCREMENT,
  `firstname` varchar(255) COLLATE utf8_unicode_ci NOT NULL,
  `lastname` varchar(255) COLLATE utf8_unicode_ci NOT NULL,
  `created_at` datetime NOT NULL DEFAULT current_timestamp(),
  `updated_at` datetime NOT NULL DEFAULT current_timestamp() ON UPDATE current_timestamp(),
  PRIMARY KEY (`id`),
  KEY `idx_name` (`lastname`,`firstname`)
) ENGINE=InnoDB AUTO_INCREMENT=101 DEFAULT CHARSET=utf8 COLLATE=utf8_unicode_ci;

INSERT INTO `users` VALUES ('1','Wyman','Waters','2010-02-15 19:50:45','2005-12-26 02:19:23'),
('2','Shaina','Schinner','1974-09-14 13:55:50','1978-08-30 16:47:47'),
('3','Ollie','Langosh','2014-12-24 22:04:44','1997-04-07 17:32:42'),
('4','Asha','Kuphal','1992-03-28 07:27:29','1984-08-14 00:07:43'),
('5','Jenifer','Ryan','1983-08-19 06:44:03','1993-10-06 22:40:56'),
('6','Mortimer','Bogisich','1985-06-22 13:41:22','2008-01-28 02:39:44'),
('7','Furman','Green','2010-07-26 09:19:04','2000-05-06 01:33:26'),
('8','Mckayla','Heaney','1988-05-08 22:37:42','1993-01-05 01:17:34'),
('9','Chris','Schuster','2000-02-29 01:47:00','1991-02-18 22:05:31'),
('10','Federico','Romaguera','1996-10-23 21:26:01','2011-06-26 18:53:56'),
('11','Watson','Osinski','1991-01-31 05:33:18','1971-05-31 04:53:26'),
('12','Eliane','Kutch','1986-09-14 23:25:38','2011-11-20 19:56:42'),
('13','Cara','Predovic','2019-03-01 10:26:17','2011-02-10 21:42:39'),
('14','Gerald','Gutkowski','1993-05-17 19:59:33','1980-10-06 08:51:14'),
('15','Linnie','Kuhn','1992-05-08 17:51:03','1978-04-10 23:30:56'),
('16','Daphnee','Emard','1972-07-01 05:16:55','2020-02-09 20:37:05'),
('17','Mara','Bergnaum','2016-05-22 09:44:12','2004-05-07 18:38:30'),
('18','Cedrick','Swaniawski','1997-01-12 10:30:00','1992-02-22 13:19:04'),
('19','Cristina','Mitchell','2016-08-02 20:37:18','2014-03-11 02:15:14'),
('20','Brendon','Langworth','1980-02-04 14:47:18','1974-01-12 05:48:35'),
('21','Jaleel','Heathcote','1984-04-26 04:32:58','2013-12-08 07:16:33'),
('22','Vallie','Weber','1971-08-10 05:35:00','1985-05-30 06:29:04'),
('23','Napoleon','Rath','1978-10-19 00:34:27','2003-09-12 23:50:38'),
('24','Marquise','Windler','2005-11-11 06:28:38','2015-09-17 16:45:52'),
('25','Antonietta','Funk','1971-09-14 10:18:13','1988-09-08 19:07:31'),
('26','Jakob','Raynor','1975-09-18 15:08:26','1992-01-26 23:19:35'),
('27','Diego','Pacocha','1979-06-17 09:15:52','1991-03-17 22:12:37'),
('28','Maryam','Monahan','1996-07-01 17:42:15','1984-06-16 03:45:53'),
('29','Joy','Zemlak','2020-01-27 16:08:01','2012-07-21 18:14:15'),
('30','Annetta','Howe','2013-08-14 11:15:03','2013-05-15 15:24:16'),
('31','Giovani','Reichert','2007-08-25 22:48:36','2001-07-13 03:48:08'),
('32','Eden','Bernhard','1980-01-10 21:26:06','2017-12-21 08:09:16'),
('33','Henriette','Homenick','2005-03-16 15:16:14','1972-06-30 03:06:22'),
('34','Reyes','Bayer','2004-01-17 22:27:56','1978-07-26 06:35:33'),
('35','Samara','Lindgren','1976-10-23 03:24:04','2019-12-09 17:15:07'),
('36','Salvatore','Stracke','2013-03-10 18:44:52','1985-01-29 00:55:14'),
('37','Ayden','Beahan','2004-11-16 01:35:18','1995-01-25 15:44:58'),
('38','Valentin','Schmidt','2003-12-24 10:54:10','1970-12-15 01:03:40'),
('39','Estelle','Welch','2020-08-01 00:57:52','1998-03-01 05:57:05'),
('40','Joesph','Stracke','2018-10-20 09:21:20','1987-02-20 09:26:13'),
('41','Raphael','Casper','2014-03-19 00:39:49','2005-07-11 08:02:43'),
('42','Justen','Nolan','2002-05-05 12:42:19','1970-02-26 14:48:31'),
('43','Cleo','Abernathy','1993-11-14 18:14:22','2007-07-10 14:07:32'),
('44','Tevin','Heller','1976-05-26 08:18:21','2018-12-23 04:18:50'),
('45','Adela','Wisozk','2000-09-18 00:29:22','2014-10-05 19:59:28'),
('46','Velda','Boehm','2007-04-21 15:22:13','1993-05-12 23:39:46'),
('47','Dorthy','O\'Kon','1991-01-29 01:21:49','2003-11-04 18:59:53'),
('48','Taylor','Durgan','2021-01-05 21:54:46','1970-08-30 09:20:07'),
('49','Seamus','Hane','1984-12-18 02:20:58','1973-04-08 20:25:59'),
('50','Eliza','Kessler','2017-10-25 20:49:47','1976-02-12 11:43:18'),
('51','Rosalyn','Wolf','1973-10-23 23:03:33','1982-05-08 19:25:36'),
('52','Melany','Homenick','2004-11-18 14:35:23','2004-08-04 05:29:00'),
('53','Jeramy','Boyer','1997-07-02 16:50:04','1993-07-14 17:59:30'),
('54','Gregg','Rogahn','2004-01-20 15:05:01','1978-09-12 12:35:59'),
('55','Pete','Labadie','2005-04-24 15:21:41','2005-03-17 12:56:03'),
('56','Adella','Medhurst','2004-09-25 19:13:18','2006-07-27 23:12:44'),
('57','Graham','Parker','1987-03-01 05:37:33','2015-05-08 00:42:18'),
('58','Tiffany','Mueller','2006-09-08 18:01:16','2004-08-21 14:56:34'),
('59','Lonzo','Ziemann','1979-06-02 09:29:29','1997-12-24 07:07:32'),
('60','Sonya','Kunze','1974-04-16 14:32:26','2019-08-02 18:32:54'),
('61','Lurline','Will','2008-07-08 00:55:48','1972-06-24 14:15:50'),
('62','Federico','Bins','2013-02-28 23:51:25','1991-12-09 06:54:15'),
('63','Sonia','Graham','2014-12-28 14:22:30','1993-05-02 20:31:17'),
('64','Kaia','Price','1985-08-20 09:39:42','1973-09-21 07:41:50'),
('65','Eileen','Wiza','2002-05-02 23:08:08','2013-02-17 05:44:54'),
('66','Doyle','Batz','1977-03-09 19:00:52','1984-01-03 03:04:03'),
('67','Wilfredo','Lang','1976-05-22 23:03:13','2001-10-07 17:04:59'),
('68','Buck','Hermann','2002-06-02 00:25:04','1970-07-16 21:34:15'),
('69','Sylvester','Larkin','1975-12-21 08:40:29','1988-05-20 16:56:40'),
('70','Sandy','Olson','1970-03-21 17:46:10','2007-05-31 13:00:13'),
('71','Garth','Auer','1978-03-16 11:25:52','1976-06-25 13:26:52'),
('72','Ray','Hammes','1987-02-14 12:03:35','2002-04-07 00:26:11'),
('73','Jose','Quigley','2019-04-23 02:23:37','1994-01-17 11:30:33'),
('74','Vincent','Wilkinson','1993-07-10 03:43:30','2010-09-16 03:32:08'),
('75','Polly','Swift','2014-03-04 14:39:20','2006-08-23 23:09:33'),
('76','Emelia','Hamill','1976-07-04 00:30:43','1978-12-16 11:30:00'),
('77','Agnes','Farrell','1990-01-17 05:09:10','1978-05-25 04:28:23'),
('78','Adaline','Bergnaum','1997-08-10 02:19:29','1987-08-09 05:00:43'),
('79','Jeff','Leuschke','1997-12-05 15:20:17','2014-09-12 08:51:29'),
('80','Alphonso','Renner','2018-09-24 02:33:37','2004-09-01 19:00:42'),
('81','Merritt','Homenick','1974-12-22 12:16:59','2003-12-24 17:31:25'),
('82','Dayana','Wintheiser','1991-04-22 15:31:15','1994-06-26 19:36:16'),
('83','Madison','Hills','1992-08-03 05:04:27','1980-08-08 22:18:44'),
('84','Dariana','O\'Reilly','1999-06-03 05:08:53','2004-07-02 16:11:44'),
('85','Karine','Fadel','1981-11-08 06:48:25','2014-09-14 14:55:50'),
('86','Haven','Terry','2011-10-30 12:16:48','1986-07-01 01:12:01'),
('87','Florida','Lockman','1997-03-25 05:51:52','1972-11-15 05:30:35'),
('88','Cielo','Towne','2012-05-25 00:18:42','2012-04-10 15:50:39'),
('89','Foster','Murazik','1987-02-17 08:19:07','1981-01-11 01:41:40'),
('90','Nick','Zboncak','2017-09-01 15:05:54','2003-04-29 21:29:42'),
('91','Kristina','Turner','1985-10-11 05:36:38','1990-10-03 06:44:07'),
('92','Merl','Schowalter','2020-12-02 22:51:17','2009-04-04 23:41:52'),
('93','Isaiah','Conn','1994-09-16 06:08:44','2004-10-16 10:43:06'),
('94','Calista','Kreiger','1977-10-06 02:24:32','1988-03-14 22:34:42'),
('95','Bernadine','Hodkiewicz','1987-12-21 04:40:41','2013-01-22 05:31:34'),
('96','Chauncey','Klocko','1982-02-11 04:13:09','1970-02-28 20:03:49'),
('97','Alison','Lesch','1985-04-12 00:58:36','1991-04-22 16:34:57'),
('98','Dorian','Halvorson','2005-08-12 13:14:20','1972-10-02 04:08:45'),
('99','Cara','Rodriguez','2014-05-10 09:12:18','2002-12-24 05:25:49'),
('100','Dorian','Dickinson','2010-02-07 04:53:29','1984-04-10 15:13:49'); 




/*!40101 SET SQL_MODE=@OLD_SQL_MODE */;
/*!40014 SET FOREIGN_KEY_CHECKS=@OLD_FOREIGN_KEY_CHECKS */;
/*!40014 SET UNIQUE_CHECKS=@OLD_UNIQUE_CHECKS */;
/*!40101 SET CHARACTER_SET_CLIENT=@OLD_CHARACTER_SET_CLIENT */;
/*!40101 SET CHARACTER_SET_RESULTS=@OLD_CHARACTER_SET_RESULTS */;
/*!40101 SET COLLATION_CONNECTION=@OLD_COLLATION_CONNECTION */;
/*!40111 SET SQL_NOTES=@OLD_SQL_NOTES */;

